Date,Open,High,Low,Last,Close,Total Trade Quantity,Turnover (Lacs)
11-02-2010,482,484.5,480,481.18,481.61,12692,61.23
15-02-2010,483,484.5,477,482.99,478.68,1975,9.51
16-02-2010,481,484,478,483.5,483.43,720,3.45
17-02-2010,490,492.5,489,490,490,21237,104.06
18-02-2010,490,491,488,490.5,488.41,97,0.47
19-02-2010,490.5,490.5,482,483.1,483.67,598,2.91
22-02-2010,490.05,499,486,499,491.45,379,1.86
23-02-2010,479.6,488,479.6,487,487.16,218,1.06
24-02-2010,487,488,480.25,485,485.06,33641,163.52
25-02-2010,486,486,483,485,484.52,2315,11.22
26-02-2010,488,498.95,486,488.1,489.36,945,4.66
02-03-2010,500,501.88,488.12,501.87,499.84,3159,15.76
03-03-2010,504,507.9,504,507,507.51,21178,107.14
04-03-2010,509,509,480,504,506.96,18739,94.81
05-03-2010,510,510,507,508,508.51,1494,7.61
08-03-2010,510.8,516,508.51,512.55,511.35,18629,95.49
09-03-2010,512,512,510,510.2,510.53,15105,77.25
10-03-2010,511,513.5,508.5,511,509.99,68468,348.48
11-03-2010,511,513.5,511,513.5,513.48,4551,23.36
12-03-2010,515,516,510,510,513.61,3556,18.26
15-03-2010,512,514,509,512,512.33,3636,18.62
16-03-2010,514,520.95,513,520.95,519.65,1830,9.48
17-03-2010,520.95,525,511.3,523,522.44,2213,11.59
18-03-2010,524.5,525,522,523,523.46,3179,16.64
19-03-2010,525,527,524,527,526.9,5356,28.2
22-03-2010,526.9,526.9,511,523,523,2784,14.58
23-03-2010,523,523,513.95,521,521.36,1705,8.86
25-03-2010,521,526,520.5,525,524.98,799,4.17
26-03-2010,525,528,525,528,528,777,4.1
29-03-2010,529,533,529,529,529.6,964,5.12
30-03-2010,533,533,500.18,525,525,2525,13.38
31-03-2010,520,528.5,520,523.5,524.44,2071,10.88
01-04-2010,530,530,526,528.5,528.5,916,4.83
05-04-2010,531.5,536,531,536,536,10491,55.89
06-04-2010,536.95,537.5,535.5,536,536.5,1589,8.52
07-04-2010,538,540,535,537,537,1390,7.46
08-04-2010,536,536.5,534,536.5,536.03,3712,19.85
09-04-2010,534,537,532.5,535,535.16,1635,8.73
12-04-2010,537,537,533,536,536,683,3.64
13-04-2010,531.5,533,531.5,532,532,97,0.52
15-04-2010,535.5,536.5,528,528,528,448,2.39
16-04-2010,527,528,524.8,526.5,526.5,1560,8.2
19-04-2010,520,522,518,520,518.18,348,1.81
20-04-2010,521.5,526,521,522.5,522.5,137,0.72
21-04-2010,525,525.5,523.5,523.5,523.5,2770,14.52
22-04-2010,522.5,532,522.5,525,526.88,1952,10.31
23-04-2010,529,530,528.5,528.5,529.89,1227,6.5
26-04-2010,533,535,531,531,531,773,4.12
27-04-2010,532,534,531,531,531,370,1.97
28-04-2010,526,526.02,521,522,522,2817,14.79
29-04-2010,524,526,523.21,524.75,524.75,770,4.03
30-04-2010,529,530,527,530,530,1403,7.4
03-05-2010,530,530,523,525,523.53,607,3.19
04-05-2010,525,527,519,520,520.25,388,2.03
05-05-2010,507,515,507,515,513.02,520,2.66
06-05-2010,512,513,505,512,512,29956,151.73
07-05-2010,504,505.95,499,505.95,505.95,2897,14.53
10-05-2010,511,516,490,512,512.05,1504,7.67
11-05-2010,517,520,513,514,513.11,362,1.87
12-05-2010,515,518,513.1,513.1,513.1,245,1.26
13-05-2010,519,521,422.25,518,518,972,5.04
14-05-2010,516,520,508,508,509.72,429,2.21
17-05-2010,501,507,499.5,506,506.69,938,4.72
18-05-2010,505,508,503,504.5,504.5,115,0.58
19-05-2010,490,598.3,410,495.9,495.25,3162,16.04
20-05-2010,500,500,494,496,496,183,0.91
21-05-2010,500,500,481,493,493,2200,10.83
24-05-2010,501,503,497,497,497.49,300,1.5
25-05-2010,590,590,482,486.5,485.62,2959,14.37
26-05-2010,490,495,486,489.8,494.08,7179,35.05
27-05-2010,492,498,492,498,498,111,0.55
28-05-2010,505,508,503.5,508,506.95,369,1.86
31-05-2010,508,509.9,504.5,508,506.48,7444,37.7
01-06-2010,505,506.5,494,494,494.03,17230,86.8
02-06-2010,499.5,502.8,496,502.5,500.09,10572,52.81
03-06-2010,508.15,511,508,510,510,3850,19.65
04-06-2010,510,513.15,490.1,512,512,2168,11.03
07-06-2010,503,504.99,501.89,504.99,504.97,13590,68.29
08-06-2010,505.5,506.95,498,500,499.59,6159,30.91
09-06-2010,499,505,499,500.9,500.9,6943,34.83
10-06-2010,504,504.99,504,504,504,89,0.45
11-06-2010,512,512,505.05,507,507.9,400,2.03
14-06-2010,516,517,514,516,516,1668,8.6
15-06-2010,511.75,521,511.75,521,520.1,1071,5.54
16-06-2010,520,523.9,513.05,514,515.52,189,0.98
17-06-2010,516,527.5,516,516.05,526.98,32117,169.22
18-06-2010,528,530,515.5,520.01,523.98,652,3.43
21-06-2010,528,532,528,528,528.04,2182,11.53
22-06-2010,528,531,528,531,531,1348,7.12
23-06-2010,531,531,525,528.01,528.01,24,0.13
24-06-2010,528,530,528,529.25,529.25,1912,10.12
25-06-2010,529.25,529.25,502.7,502.7,521.67,243,1.28
28-06-2010,525,529.96,525,529,528.36,318,1.68
29-06-2010,525.01,528,520.01,525.5,525.5,661,3.47
30-06-2010,525.5,530,523,525,525,363,1.91
01-07-2010,525,528.5,525,525,525,481,2.53
02-07-2010,525,525.15,523,523,523,481,2.52
05-07-2010,523.05,524,523,523,523,89,0.47
06-07-2010,523,530,437,521.01,521.46,1061,5.53
07-07-2010,528,528,523,523.5,523.5,8756,45.86
08-07-2010,530,531,529,529,529,235,1.25
09-07-2010,530.01,534,530,530.01,530.25,663,3.52
12-07-2010,534.5,539,534.5,535,537.85,1187,6.37
13-07-2010,532,539,532,539,538.87,4058,21.71
14-07-2010,539,544,530.01,530.01,541.78,2792,15.13
15-07-2010,540.6,540.6,535,535.01,535.01,103,0.55
16-07-2010,535.11,538,535.11,535.11,535.11,199,1.07
19-07-2010,538,538,535,535,535,332,1.78
20-07-2010,540,540,535.01,538.65,538.65,168,0.9
21-07-2010,535.05,535.6,535.05,535.6,535.6,242,1.3
22-07-2010,535.6,543,535.01,540.1,542.17,1126,6.07
23-07-2010,542,544,541.05,541.05,541.05,348,1.89
26-07-2010,546,546,540,540,540.54,389,2.11
27-07-2010,542,545,540,541.5,541.5,460,2.49
28-07-2010,543,543,540,540,540,1156,6.25
29-07-2010,539,540,535,540,540,288,1.55
30-07-2010,538,538,535,535,535,105,0.56
02-08-2010,544,544,537.05,537.1,537.1,468,2.52
03-08-2010,544,544,540,540.01,541,17933,96.97
04-08-2010,542,549,540,545,548.19,1291,7.01
05-08-2010,548,550,543,543,543,305,1.67
06-08-2010,545,546.99,540,544.99,540.86,236,1.28
09-08-2010,545,546,542,546,546,283,1.54
10-08-2010,547,547,512.8,546,532.77,139,0.76
11-08-2010,546.5,546.5,542.5,542.5,542.57,1687,9.16
12-08-2010,540,543,540,543,543,116,0.63
13-08-2010,543,547.5,540,547.5,547.5,380,2.06
16-08-2010,548,548,539,539,539,368,2.01
17-08-2010,540,544,540,543,543,10145,54.79
18-08-2010,496,547,496,545,544.92,227,1.22
19-08-2010,547,554,547,554,552.51,566,3.11
20-08-2010,550,552,550,550,550,383,2.11
23-08-2010,552,552,552,552,552,209,1.15
24-08-2010,552,552,548,548,548.92,341,1.88
25-08-2010,520.52,550.5,520.52,547.5,545.37,728,3.98
26-08-2010,547.5,548.5,507.7,547,545.37,265,1.43
27-08-2010,548,548,520.35,541.9,541.93,303,1.64
30-08-2010,550,550,539,542.5,541.53,21543,116.46
31-08-2010,543,543,535,539.8,539.8,1188,6.36
01-09-2010,544,545,542,542,542,404,2.19
02-09-2010,550,550,546,546,546,615,3.36
03-09-2010,540,549.85,540,545,545,664,3.62
06-09-2010,552,558,550,558,558,802,4.44
07-09-2010,558,558,556,557.1,557.1,507,2.82
08-09-2010,557.1,564,555,559,559,438,2.44
09-09-2010,564,564,558,562.99,562.99,252,1.42
13-09-2010,562.99,575,562.99,572.01,572.39,989,5.65
14-09-2010,577,583.5,575,582,582,659,3.82
15-09-2010,583,585,470.5,585,585,3399,18.89
16-09-2010,584,588,580.5,583,580.78,1113,6.5
17-09-2010,580,605,580,590,589.5,332,1.95
20-09-2010,589.5,596,574,596,595.53,969,5.74
21-09-2010,600,602.99,595,598.1,598.1,510,3.05
22-09-2010,600,605,594,597,597,860,5.17
23-09-2010,599,599,596,596.5,596.5,220,1.31
24-09-2010,595,600,595,600,600,370,2.21
27-09-2010,606,610,601,601,601,155,0.94
28-09-2010,603,605,602,605,604.99,230,1.39
29-09-2010,605,605,600,600,600,512,3.09
30-09-2010,598,603.99,595,603.99,602.99,14459,86.25
01-10-2010,608,614,608,613,612.53,1530,9.34
04-10-2010,615,622,613,616,616,1855,11.46
05-10-2010,616,619,614,614.5,614.5,662,4.08
06-10-2010,620,625,615,621,617.2,500,3.1
07-10-2010,616,619,612,618,617.45,132,0.81
08-10-2010,612,616,608,613.99,613.99,585,3.59
11-10-2010,616,618,613,613,613,186,1.14
12-10-2010,611,611.96,606,607,606.73,525,3.2
13-10-2010,615.5,623,615.5,623,623,492,3.05
14-10-2010,626,626,576.5,620,622.56,410,2.54
15-10-2010,618,618,607,613.99,609.17,795,4.85
18-10-2010,576.6,609,576.6,609,607.03,375,2.26
19-10-2010,608,625,605,625,611.48,1200,7.28
20-10-2010,603.5,603.5,603.5,603.5,603.5,20,0.12
21-10-2010,605,608,603.5,608,608,367,2.22
22-10-2010,609,613,605.03,610,610,246,1.5
25-10-2010,612,613.02,610.1,610.1,611.78,313,1.92
26-10-2010,612,613,610,610,610,92,0.56
27-10-2010,610,610,603.1,604,604,710,4.29
28-10-2010,606,608,604,608,608,695,4.21
29-10-2010,600.1,602,595.5,601,601,399,2.39
01-11-2010,649.95,680,609,610,610,52,0.32
02-11-2010,611.5,613,610,610,610,116,0.71
03-11-2010,620,620,615,615,615,151,0.93
04-11-2010,621,626,621,625,625,652,4.06
05-11-2010,625,635,610,635,624.94,341,2.14
08-11-2010,635,635,569.94,630,630,1044,6.35
09-11-2010,632,632,628,628,628,235,1.48
10-11-2010,632,632,627,632,632,106,0.67
11-11-2010,632,640,621,625,624.75,459,2.87
12-11-2010,617.05,619,600.15,612,612.36,556,3.42
15-11-2010,612,613,609,609,609.7,270,1.65
16-11-2010,609.7,640,598.5,598.5,609.1,4518,27.2
18-11-2010,600,728.8,578.7,602,602,331,2.08
19-11-2010,620,620,581,595,593.01,199,1.18
22-11-2010,593,602,593,602,602,88,0.52
23-11-2010,596,597.01,589,596.99,596.99,607,3.59
24-11-2010,590.01,600,590,594,594,133,0.79
25-11-2010,600,600,580,585,587.88,192,1.13
26-11-2010,585,698,575.06,580.05,580.05,650,3.89
29-11-2010,580,583,579,579,579,522,3.03
30-11-2010,580,583,578,581,580.29,1360,7.91
01-12-2010,586,595,586,595,595,381,2.26
02-12-2010,602,602.99,601,601,601,1679,10.1
03-12-2010,602,603.5,598.01,600,600.02,778,4.68
06-12-2010,602,606,602,602,602,508,3.07
07-12-2010,598,599.7,595.05,599.5,599.5,282,1.69
08-12-2010,592,595.9,569.1,591,591.07,435,2.57
09-12-2010,590,590.5,580,580,580,455,2.68
10-12-2010,582,584.99,575,584.99,584.99,705,4.08
13-12-2010,585,587.98,584,585.05,585.05,683,3.99
14-12-2010,592,594,590,594,594,1349,7.98
15-12-2010,596,596,587,587,587,726,4.29
16-12-2010,592,592,590,590,590,639,3.78
20-12-2010,639.5,639.5,590,596,596,665,3.94
21-12-2010,600,604.5,570.1,604.5,604.5,3043,18.31
22-12-2010,606,607,604,605,605,14814,89.92
23-12-2010,600,602,600,602,602,85,0.51
24-12-2010,601,602,599,602,602,2634,15.83
27-12-2010,607,609,606,606,606,50,0.3
28-12-2010,606,606,603,603,603,34,0.21
29-12-2010,607,607,607,607,607,89,0.54
30-12-2010,610,612,610,612,612,78,0.48
31-12-2010,615,621,615,619.9,619.3,124,0.76
03-01-2011,621,622,620,620,620,115,0.71
04-01-2011,621,621,615,621,620.34,872,5.39
05-01-2011,616,616,613,613,613.9,358,2.2
06-01-2011,611.5,611.5,609,609,609,146,0.89
07-01-2011,600,600,597,600,597.51,34,0.2
10-01-2011,593,593,585,585,585,347,2.05
11-01-2011,586,586,576,576,578.22,168,0.98
12-01-2011,580,589.9,577,589.9,587.95,1560,9.05
13-01-2011,587,634,577,577,582.74,684,4
14-01-2011,577,586,574,574,574.83,638,3.7
17-01-2011,568,573,568,569,569,3499,19.94
18-01-2011,576,577,571,577,573.66,2112,12.1
19-01-2011,578,581,575,575,575,1411,8.19
20-01-2011,570,577,570,577,577,91,0.52
21-01-2011,575,576,575,576,576,90,0.52
24-01-2011,575,580,574,580,580,436,2.52
25-01-2011,575,575,573,573,573,43,0.25
27-01-2011,575,575,568,570,570,34,0.19
28-01-2011,564,564,550,554.89,553.71,1242,6.89
31-01-2011,555,555,546,554.85,554.14,2942,16.21
01-02-2011,554,554,542,544,543.93,1909,10.47
02-02-2011,550,553,550,550,550,171,0.94
03-02-2011,596,616,547,557,557,473,2.63
04-02-2011,557,557,546,548,547.93,397,2.18
07-02-2011,548,548,544,546.5,546.5,13631,74.49
08-02-2011,546.5,546.5,537,540,539.62,379,2.06
09-02-2011,539.62,539.62,531,533,533,8835,47.21
10-02-2011,576,576,526,528,529.08,248,1.32
11-02-2011,529,536,524,536,534.75,505,2.67
14-02-2011,541.5,549.5,541.5,549.5,549.5,27532,151.27
15-02-2011,549,557,546,553,554.28,13159,72.66
16-02-2011,552,554,552,554,554,2028,11.22
17-02-2011,554,558,554,558,558,282,1.57
18-02-2011,524.6,596,524.6,550,552.99,62774,350.27
21-02-2011,554,557,546,557,555.77,38398,211.8
22-02-2011,552,556,550,550,553.63,1469,8.11
23-02-2011,552,560,547,558,552.94,5676,31.59
24-02-2011,547,550,530,535,540.89,2565,13.98
25-02-2011,540,540,532,537,536.71,4541,24.27
28-02-2011,537,551,537,538,538.18,479,2.59
01-03-2011,543,556,543,556,555.15,19308,106.04
03-03-2011,554,560,552,554,554,497,2.76
04-03-2011,560,564,557,557,557.2,799,4.47
07-03-2011,549,551,544,544,544,197,1.08
08-03-2011,555,556,553,556,556,538,2.98
09-03-2011,556,560,552,555,555,266,1.48
10-03-2011,553,554,551,554,554,107,0.59
11-03-2011,551,553,547,550,550,15783,86.35
14-03-2011,549,558,549,556,556,596,3.31
15-03-2011,545,552,543,551,551,169,0.92
16-03-2011,554,556,554,554,554,519,2.88
17-03-2011,553,554,552,552,552,545,3.01
18-03-2011,552,552,544,546,546,51008,278.56
21-03-2011,543,544,541,543,543,685,3.72
22-03-2011,543,547,543,545,545,356,1.94
23-03-2011,545.5,552,545.5,550,550,894,4.92
24-03-2011,556,556.65,554,555,555,187,1.04
25-03-2011,560,569,559,569,565.07,1921,10.8
28-03-2011,575,575,568,573.5,573.5,2388,13.65
29-03-2011,574,581.99,574,579,580.2,24048,139.48
30-03-2011,582,582.5,581,582.5,582.5,268,1.56
31-03-2011,582,591,582,588.99,588.44,2210,12.97
01-04-2011,587,587,584,585.05,585.05,1789,10.47
04-04-2011,588,594,587.5,594,594,505,2.98
05-04-2011,680,680,590,594,594,1006,6.05
06-04-2011,597,597,590,594.5,593.25,2416,14.35
07-04-2011,592,594,591,592,592,222,1.32
08-04-2011,595,595,586,589,589,478,2.81
11-04-2011,585,585.5,582,585,584.6,204,1.19
13-04-2011,578,634,533.25,596,595.99,1496,8.75
15-04-2011,594,594,588,588,588,133,0.79
18-04-2011,588,594,578,578,578,103,0.61
19-04-2011,625,625,575,575,575.4,656,3.79
20-04-2011,583,587,582,586,586,345,2.01
21-04-2011,593,595,589,594.5,594.5,3705,22.02
25-04-2011,594,596,582,596,596,1517,9
26-04-2011,592,597,583.05,597,596,73,0.43
27-04-2011,595,595,566,591.5,591.5,24172,142.95
28-04-2011,587,587,583,586,586,566,3.3
29-04-2011,581,581,580,580,580,1651,9.59
02-05-2011,577,579,577,579,579,8549,49.5
03-05-2011,582,582,560.2,560.2,561.81,17897,101.88
04-05-2011,558,563,555,560.3,560.48,198925,1114.35
05-05-2011,562,562,555,555,555,93707,520.1
06-05-2011,556,563,556,563,563,454,2.54
09-05-2011,560,564,554,563,563,2795,15.71
10-05-2011,559,567,559,560,560,17254,97.69
11-05-2011,561,566,561,564,564,3659,20.61
12-05-2011,558,564,555,557,557,45549,255.75
13-05-2011,557,562,550,556,553.9,266,1.48
16-05-2011,557,558,553,556,556,298,1.65
17-05-2011,555,560,552,552,553.56,153,0.85
18-05-2011,552,552.99,550,551,550.9,5641,31.18
19-05-2011,551,552,549.7,550.7,550.7,11571,63.72
20-05-2011,555.99,556.99,553,556.99,556.99,65,0.36
23-05-2011,584.4,584.4,546,548,548,28917,158.2
24-05-2011,549,552,547,550,550,104,0.57
25-05-2011,547,551,543,545,545,576,3.14
26-05-2011,544,547,543,546,546,198,1.08
27-05-2011,550,556,546.01,551,555.37,117,0.65
30-05-2011,558,559,554,554,554.5,158,0.88
31-05-2011,558,563,556,562,562,126,0.71
01-06-2011,564,566,562,565,565,849,4.8
02-06-2011,560,566,558,563,563,542,3.04
03-06-2011,565,568,559,559.2,559.2,858,4.81
06-06-2011,560,561,555,561,561,116,0.64
07-06-2011,563,563,562,562,562.37,28,0.16
08-06-2011,563,566,560,562,562,330,1.86
09-06-2011,562,562,560,560,560,22,0.12
10-06-2011,596.3,596.3,558,561,561,252,1.41
13-06-2011,555,560,554,556,556,67,0.37
14-06-2011,558,560,555,560,560,57,0.32
15-06-2011,556,556,555,555,555,813,4.52
16-06-2011,557,557.96,549,549,555.95,85,0.47
17-06-2011,545,551,545,546.5,546.14,199,1.09
20-06-2011,546,548,535,536,540.57,433,2.35
21-06-2011,541,544,536,536,539.94,409,2.21
22-06-2011,538,538,536,538,538,2852,15.34
23-06-2011,535,543,533,543,543,138,0.74
24-06-2011,546,555,544,555,555,321,1.76
27-06-2011,560,564,556,562,562,555,3.1
28-06-2011,563,563,559,559,559,193,1.08
29-06-2011,534.4,579.2,534.4,567,567.66,637,3.6
30-06-2011,570,572.99,567,572.99,568.01,213134,1210.63
01-07-2011,576,576,569,574.5,574.5,751,4.3
04-07-2011,574.5,575,572,572,572,219,1.26
05-07-2011,571,571,570,570,570,57,0.32
06-07-2011,572,572,570,570,570.59,1368,7.8
07-07-2011,571,581,570,580,580,520,2.98
08-07-2011,580,580,578,580,580,239,1.38
11-07-2011,573,577,571,571,572.67,13947,79.95
12-07-2011,565,566,562,564,564,42,0.24
13-07-2011,565,567,565,567,566.75,120,0.68
14-07-2011,541,575,541,573,573,687,3.87
15-07-2011,571,573,570,570,570,57,0.33
18-07-2011,570,570,560,569,569,44,0.25
19-07-2011,564,569,563,563,563,143,0.81
20-07-2011,589,612,563.2,568.5,568.82,2927,16.76
21-07-2011,538.3,567,538.3,567,567,269,1.52
22-07-2011,567,571,567,571,571,53,0.3
25-07-2011,570,573,566,573,573,289,1.65
26-07-2011,597.2,597.2,564,565,565,157,0.9
27-07-2011,565,565,561,561,561,142,0.8
28-07-2011,558,560,557,560,560,390,2.18
29-07-2011,555,559,555,559,559,30,0.17
01-08-2011,560,565,560,560,560,210,1.18
02-08-2011,556,559,555,556,556.81,746,4.15
03-08-2011,548,556,546,555,555,4147,22.88
04-08-2011,550,552,545.75,547,546.16,1988,10.86
05-08-2011,530,541,528,535,535,10731,57.47
08-08-2011,540,572,518,518,523.14,47252,245.97
09-08-2011,518.15,524,510,517,515.69,11706,61
10-08-2011,523,529,523,525,525,1711,9.01
11-08-2011,526,531,519,523,522.48,599,3.16
12-08-2011,524.8,529,506.63,519.75,519.69,19218,100.25
16-08-2011,523,526,516,516,519.82,112,0.58
17-08-2011,520,523,518.2,520,520,1011,5.24
18-08-2011,519,519,509,510,509.06,39865,204.01
19-08-2011,505,506,492,500,499.64,1073,5.37
22-08-2011,501,502,495,502,502,327,1.63
23-08-2011,502.5,509.9,502,505,507.16,1538,7.77
24-08-2011,543,543,504,504.5,504.5,9348,47.13
25-08-2011,500,501,500,501,501,1518,7.59
26-08-2011,498,500,489,490,490.95,460,2.28
29-08-2011,539,550,493,510,506.15,9275,48.33
30-08-2011,502,511,502,506,506.8,171,0.87
02-09-2011,511,511.5,508,511,510.94,10096,51.59
05-09-2011,510,511,506,511,511,348,1.77
06-09-2011,511,511,507,508.5,508.5,264,1.34
07-09-2011,519,522,517.05,519,519.66,3060,15.97
08-09-2011,520,521,520,520,520,473,2.46
09-09-2011,521.5,522.5,514,515,514.97,509,2.63
12-09-2011,507.5,509,504,506,505.15,190,0.96
13-09-2011,509,510,506.5,506.5,506.6,134,0.68
14-09-2011,504,510,504,510,505.32,145,0.73
15-09-2011,511,513,504,511.5,512.39,1469,7.5
16-09-2011,516.5,516.5,514,515,515,93,0.48
19-09-2011,515,516,508,508,508,40,0.21
20-09-2011,511,518,511,515.5,515.5,606,3.11
21-09-2011,518,518.5,517,517,517.45,140,0.73
22-09-2011,512,512,503,505,503.35,895,4.57
23-09-2011,495.5,501.5,495.5,498.5,498.5,929,4.64
26-09-2011,509.8,509.8,488,489.5,488.49,1237,6.11
27-09-2011,495,506,495,505.5,505.5,156,0.78
28-09-2011,505,505,503,503.5,503.5,325,1.64
29-09-2011,495,505,495,505,504.8,401,2.02
30-09-2011,506,506,500,502,501.48,835,4.2
03-10-2011,487.01,497,486,496.5,496.5,1099,5.4
04-10-2011,491,497.6,491,491,491,826,4.08
05-10-2011,493.5,493.5,488,490.5,489.56,468,2.3
07-10-2011,498,501,495.5,499,496.62,476,2.37
10-10-2011,500,506,500,506,504.09,144,0.72
11-10-2011,507,510,504,507.5,504.44,741,3.76
12-10-2011,509,514.5,508,514,514,576,2.94
13-10-2011,515,517,514,514,514,468,2.41
14-10-2011,514,523,514,522.99,520.23,5132,26.59
17-10-2011,522.99,522.99,517,517,517,228,1.18
18-10-2011,514,514,514,514,514,1,0.01
19-10-2011,517,521.5,516.05,521.5,521.47,167,0.87
20-10-2011,516,533.39,515,515,515,969,4.99
21-10-2011,519.5,519.5,516,519.5,519.14,382,1.98
24-10-2011,522,522,519,519,519,223,1.16
25-10-2011,520,523.5,520,521.5,521.5,300,1.57
26-10-2011,521.5,584,520,521.5,541.8,320,1.72
28-10-2011,542,542,538,538,538,337,1.82
31-10-2011,539,543,539,541,541,450,2.44
01-11-2011,536,537,536,537,536.93,205,1.1
02-11-2011,536,537,530,534,534,320,1.71
03-11-2011,533,533,532,533,533,111,0.59
04-11-2011,533,535,533,534,534,96,0.51
08-11-2011,540,541,535,541,541,548,2.96
09-11-2011,530.35,537,525.35,529,529.99,292,1.55
11-11-2011,535,535,510.3,523,522.09,174,0.92
14-11-2011,526,526.98,521,521,521.07,395,2.07
15-11-2011,520,521,515.1,516,517.69,161,0.83
16-11-2011,515,517,505,505,506.96,527,2.7
17-11-2011,507,509.5,501,501,503.33,273,1.38
18-11-2011,503,508,497,508,508,387,1.94
21-11-2011,509,509,493.83,500,495.92,504,2.51
22-11-2011,495,510,490,496,496,190,0.94
23-11-2011,491,500,486,486,486,604,2.95
24-11-2011,481,490,479.95,490,482.45,623,3
25-11-2011,480,508.4,479.05,480,485.66,489,2.36
28-11-2011,485,495,485,495,494.5,760,3.72
29-11-2011,495,497,493,497,497,189,0.93
30-11-2011,491,493,490.5,493,493,23,0.11
01-12-2011,503,506.5,500,500,500.39,171,0.86
02-12-2011,500,510,500,510,508.49,1013,5.12
05-12-2011,509,510,508,508,508,27207,138.42
07-12-2011,506,518,506,514.1,514.28,1843,9.51
08-12-2011,514,514,504,504.5,504.5,455,2.32
09-12-2011,500,505,494,500,500.83,3218,15.97
12-12-2011,491,493,488,489,489,9695,47.51
13-12-2011,486.75,490,484,488,488,183,0.89
14-12-2011,489,492,488,488.5,488.5,339,1.66
15-12-2011,485,519,479.25,519,504.97,2650,13.05
16-12-2011,472.3,496,470,479,479,3384,16.42
19-12-2011,470,471,467.75,471,469.18,1735,8.14
20-12-2011,472,475,465.5,465.5,469.02,651,3.06
21-12-2011,466,479.5,466,479.5,475.27,1391,6.55
22-12-2011,478,479,474,476,477.06,879,4.18
23-12-2011,479.5,485.75,479.5,481,481.3,274,1.32
26-12-2011,485,485,483,483,483.6,424,2.05
27-12-2011,487.5,488,481,481,481.61,963,4.68
28-12-2011,484.5,484.5,475,476,476.5,436,2.08
29-12-2011,478,480,475,475,475.24,273,1.3
30-12-2011,476.5,505,473,505,501.23,908,4.37
02-01-2012,490,490,474,474,474.75,7803,37.07
03-01-2012,479.75,484.5,479.75,482,483.14,719,3.47
04-01-2012,486,486.5,485.5,486,486,110,0.53
05-01-2012,485.5,486.5,483,486,486,67,0.32
06-01-2012,482.5,482.5,478,482,482,285,1.37
09-01-2012,485,485,480,483,483,154,0.74
10-01-2012,489,495,488.5,494.75,494.77,5077,25.12
11-01-2012,496,498,493,495,496.25,268,1.33
12-01-2012,496,496,492.5,492.5,492.5,55,0.27
13-01-2012,497,497,490,490,490,460,2.27
16-01-2012,491,500,491,495,495,935,4.65
17-01-2012,503,505.5,502,505,505,269,1.36
18-01-2012,505,508,504,504,506.2,353,1.79
19-01-2012,510.5,513,508,513,513,450,2.3
20-01-2012,515,516,508,511,510.45,16532,84.21
23-01-2012,510,516.75,510,516,514.41,754,3.88
24-01-2012,518,523,516,523,523,1672,8.7
25-01-2012,526,526,523,523,523,250,1.31
27-01-2012,554,554,518.15,525,525.71,19774,103.61
30-01-2012,525,525,505,514,515.82,1733,8.95
31-01-2012,515,539.99,515,525,524.72,571,2.99
01-02-2012,525,529.9,521,528.9,527.51,20275,106.93
02-02-2012,530,537,528,528,528.8,331,1.76
03-02-2012,535,537,531,537,537,314,1.68
06-02-2012,540,551,540,541,541,1808,9.85
07-02-2012,546,546,537,539,539,43537,235.77
08-02-2012,543,549,543,544,544,298,1.62
09-02-2012,544,547.5,543,547,546.36,46,0.25
10-02-2012,547,551.5,545,545,545,14376,78.64
13-02-2012,542,547,541,544,545.33,411,2.23
14-02-2012,546,547,545,547,545.15,134,0.73
15-02-2012,542,557,542,555,555.75,7423,41.08
16-02-2012,555,557,550,556,555.49,250,1.39
17-02-2012,563,565,558,565,561.65,1000,5.62
21-02-2012,564,567.99,562,567.99,565.98,906,5.12
22-02-2012,565,566,550,550,557.5,452,2.54
23-02-2012,555,555.99,551,553,553,231,1.28
24-02-2012,555,555,545.15,546,546,308,1.7
27-02-2012,546,546,534,537,536.66,1739,9.38
28-02-2012,541,546,540,545,545,140,0.76
29-02-2012,545,557,545,545,545,294,1.62
01-03-2012,544,544,539,540,540,159,0.86
02-03-2012,541,545.5,541,545,545.01,1500,8.17
03-03-2012,545,546,545,546,546,28,0.15
05-03-2012,545,545,537.01,540.75,540.73,8977,48.65
06-03-2012,536,545,532,532,535.03,799,4.33
07-03-2012,530,534,529,533,533,143,0.76
09-03-2012,545,545,539,544,542.12,229,1.24
12-03-2012,545,546,542,542,542,42,0.23
13-03-2012,545,548,545,548,547.16,98,0.54
14-03-2012,553,555.05,552,555,555,66,0.37
15-03-2012,559,559,544,544,544.5,404,2.24
16-03-2012,545,565,539.95,539.95,558.84,454,2.51
19-03-2012,554.95,554.95,534,538,538,527,2.85
20-03-2012,538,538,533,537,535.72,184,0.99
21-03-2012,538,545,537,544,544,62,0.34
22-03-2012,548,548,530,530,533.14,619,3.37
23-03-2012,536,541,536,541,541,102,0.55
26-03-2012,532,532,520,522.5,521.34,514,2.7
27-03-2012,584,584,527,528,528,526,2.79
28-03-2012,530,530,524,524,524,61,0.32
29-03-2012,530,530,525,525,525,28,0.15
30-03-2012,535,536,534,535,535,176,0.94
02-04-2012,534.9,551.5,534.9,541,541,210,1.13
03-04-2012,545,548,544.5,546.5,546.5,719,3.93
04-04-2012,550,550,539,539,540.23,49,0.27
09-04-2012,534,535,529.5,532.5,532.5,641,3.41
10-04-2012,540.23,540.23,533.5,533.5,533.5,45,0.24
11-04-2012,545,545,525,531,531,249,1.32
12-04-2012,536,537,535,537,537,134,0.72
13-04-2012,538,542,536,542,541.21,571,3.08
16-04-2012,529,531,527.5,531,530.95,308,1.63
17-04-2012,531,550,531,536,536.26,152,0.82
18-04-2012,541,544,540,544,544,51423,279.48
19-04-2012,540,544,536,543,543.1,7760,42.17
20-04-2012,543.2,543.2,540,540,540,182,0.99
23-04-2012,542,542,534,535,538.53,1946,10.5
24-04-2012,545,545,529,536,537.63,871,4.67
25-04-2012,540,540,534,535,535,638,3.41
26-04-2012,540,540,528,528,528.49,1113,5.92
27-04-2012,531,531,526,526.5,526.62,5700,30.02
30-04-2012,532,533,531,531,531,327,1.74
02-05-2012,537,537,535,535,535,86,0.46
03-05-2012,531,531,528,528,528,67,0.36
04-05-2012,527.5,565,515.2,520,520.09,832,4.41
07-05-2012,511,530.2,510,526,526.15,3856,20.07
08-05-2012,526,526,510,511,513.26,1097,5.65
09-05-2012,511,518,510,510,510.04,1253,6.45
10-05-2012,511,514.99,508,508,508.09,131,0.67
11-05-2012,508,512,505,507.99,507.99,327,1.66
14-05-2012,508,508,501,504,503.15,409,2.06
15-05-2012,504,509,503,506,506,117,0.59
16-05-2012,500,500,492,493,494.15,41242,202.94
17-05-2012,495,504,495,503,503,154,0.77
18-05-2012,499,500.15,486.05,500.15,499.04,1287,6.37
21-05-2012,503,503,494,495,495.35,412,2.05
22-05-2012,496,497,494.01,494.01,495.57,387263,1915.06
23-05-2012,493,496,493,493.7,493.7,264,1.31
24-05-2012,494,506,494,506,503.32,674,3.36
25-05-2012,500,505,499.95,500,500,207,1.04
28-05-2012,510,512,508,509,509.43,271,1.38
29-05-2012,510.99,514,510.99,513,513,126,0.64
30-05-2012,511,511,505.75,505.75,505.75,3443,17.41
31-05-2012,505,538,500,500,502.66,133,0.69
01-06-2012,505,505,495,495,495,100,0.5
04-06-2012,495,495,489,494,494,394,1.93
05-06-2012,499,500,499,499,499,19,0.09
06-06-2012,501,506,501,506,506,307,1.55
07-06-2012,513,517,512.1,515,515.9,51,0.26
08-06-2012,516,516,508,516,515.64,809,4.14
11-06-2012,521.3,522,517.5,517.5,517.5,1607,8.34
12-06-2012,514,522,511,519,519.62,257,1.32
13-06-2012,519,519,517,517,517,272,1.41
14-06-2012,522,522,519,519,519,172,0.89
15-06-2012,519,524.99,518,520,519.63,220,1.14
18-06-2012,530,530,519,520,520,371,1.94
19-06-2012,518,522,517,522,522,43,0.22
20-06-2012,522,526,519.5,520.5,520.5,257,1.34
21-06-2012,518,520,518,519,519,50,0.26
22-06-2012,520,523,520,520,520,213,1.11
25-06-2012,521,532,521,530,530.1,394,2.08
26-06-2012,522,526,519,519,519,46898,244.03
27-06-2012,521,522.99,520,521,521.26,94,0.49
28-06-2012,521.05,525,521.05,525,525,139,0.73
29-06-2012,525,540,525,540,534.27,831,4.42
02-07-2012,536,537,534,534,534,260,1.39
03-07-2012,538,539,531,531,532.12,1043,5.59
04-07-2012,539,541,536,541,541,528,2.84
05-07-2012,539,543,537,543,543,509,2.75
06-07-2012,540,543,539,543,541.98,383,2.07
09-07-2012,540,540,534.5,534.5,534.5,30,0.16
10-07-2012,536,540,536,540,540,144,0.78
11-07-2012,540,540.6,539,539,539,1038,5.61
12-07-2012,535,535,513.7,532,530.31,2877,15.19
13-07-2012,534,534,531,531,531,399,2.12
16-07-2012,531,532,530,532,532,182,0.97
17-07-2012,535,540,529,531,531,1472,7.79
18-07-2012,530,530,528,530,530,237,1.25
19-07-2012,535,537,534,534,534.99,158,0.85
20-07-2012,535,537,528,528,528,4856,25.74
23-07-2012,526,527,520,520,520.93,46,0.24
24-07-2012,521,521,519,519.95,519.95,205,1.07
25-07-2012,520,521,516,520,520,450,2.34
26-07-2012,521,521,515,515,515,4,0.02
27-07-2012,520,524,518,518,518,71,0.37
30-07-2012,525,528,525,528,528,57,0.3
31-07-2012,531,531,522,529,529.49,547,2.89
01-08-2012,530,532,528,528,529.11,391,2.07
02-08-2012,530,530,529,529,529,18,0.1
03-08-2012,523,526,521,526,526,215650,1128.93
06-08-2012,535,539,530,539,539,486,2.61
07-08-2012,539,543,536,541,541.55,2680,14.53
08-08-2012,543,546,541,542,542.2,157,0.85
09-08-2012,540.55,547,539,539,539,210853,1138.1
10-08-2012,537.35,537.35,537,537,537,39047,209.68
13-08-2012,537,537,537,537,537,244,1.31
14-08-2012,537,541,535,535,539.07,642,3.46
16-08-2012,541,546,540,545.85,545.85,238,1.29
17-08-2012,550,555,537.8,537.8,539.57,124,0.68
21-08-2012,545,547,545,545,545,260,1.42
22-08-2012,545,545,544,544,544,48,0.26
23-08-2012,548,548,544,547.5,547.5,124,0.68
24-08-2012,545.85,545.85,540,540.01,540.01,85,0.46
27-08-2012,540,541,540,541,541,17,0.09
28-08-2012,539,539,537,539,539,122,0.66
29-08-2012,539,540,534,534.15,536.41,80,0.43
30-08-2012,535,537,534.76,537,537,32,0.17
31-08-2012,535.35,536,534,536,536,16,0.09
03-09-2012,534.35,540,500,534,534,242,1.29
04-09-2012,533,533,530,531,531,3757,19.99
05-09-2012,531,531,526,526,528.08,473,2.51
06-09-2012,528,529,522,523,523,142,0.75
07-09-2012,535,538,534.01,538,537.1,217,1.16
10-09-2012,540,544,540,541,541,9873,53.56
11-09-2012,539.35,540,536,540,539.95,212,1.14
12-09-2012,543,543,540,540.01,540.34,735,3.97
13-09-2012,543,544,540,540,540,73,0.4
14-09-2012,552,605,550,552,551.95,1386,7.72
17-09-2012,586,586,574,581,581,2133,12.36
18-09-2012,575,581,568,568,568.71,250,1.42
20-09-2012,560,568,556,567,565.05,91,0.51
21-09-2012,570,580,568,574,574,94,0.54
24-09-2012,580,583,576,583,582.42,473,2.74
25-09-2012,585,586,575.01,585,584.76,280,1.63
26-09-2012,575,577,575,575,575.92,9426,54.29
27-09-2012,571,581,570,580,580.08,70374,406.75
28-09-2012,581,583,577,581,581,2323,13.52
01-10-2012,580,584,577,584,584,103,0.6
03-10-2012,582,587,578,586.8,586.8,183,1.06
04-10-2012,586.8,601.9,586,586,586,308,1.81
05-10-2012,588,594,567,587,587,3197,18.69
08-10-2012,587,590,580,582,582,364,2.13
09-10-2012,590,590,576,585,581.12,20373,117.76
10-10-2012,581,582.5,576,582.5,582.5,211750,1233.08
11-10-2012,580,582.99,578,580,580.6,135,0.78
12-10-2012,582,583.99,582,582,582,145,0.84
15-10-2012,580,581,578,581,581,44,0.26
16-10-2012,584,589,580,584,584,158,0.92
17-10-2012,584,584,579,579.5,579.5,265,1.54
18-10-2012,582,584.5,581,582,582,105622,614.72
19-10-2012,581,584,579.5,580,581.42,242,1.41
22-10-2012,580,582,580,580.5,580.5,100,0.58
23-10-2012,583,583.5,581,582.85,582.9,290,1.69
25-10-2012,582.5,584,582,584,584,205,1.2
26-10-2012,582.5,582.5,576,576,576,68052,392.66
29-10-2012,580,581,577.5,577.5,577.5,41,0.24
30-10-2012,578,578,569.25,571,571.9,317,1.81
31-10-2012,570.1,579,570.1,570.5,570.5,305,1.75
01-11-2012,572,572.9,571.65,572.6,572.6,19,0.11
02-11-2012,578.8,581,578,579,579,70474,408.05
05-11-2012,582,583,579.55,583,582.05,2881,16.74
06-11-2012,580,585,580,582.5,582.76,2731,15.91
07-11-2012,583.95,588,583.95,587,587.22,2625,15.39
08-11-2012,582.1,588,582.1,585.85,585.85,2486,14.54
09-11-2012,585.95,588,580,584,583,4603,26.88
12-11-2012,581.05,582,578.5,579.85,579.85,353470,2044.89
13-11-2012,583,589.3,576,576,580.64,3156,18.36
15-11-2012,670,670,577.75,578.45,578.45,5412,31.31
16-11-2012,595,595,563,575,575.04,74486,426.98
19-11-2012,580,585,574,574,574,6664,38.35
20-11-2012,578,578.5,567.01,568,570.19,7167,41.04
21-11-2012,572,582,570,573.95,573.95,8802,50.45
22-11-2012,573,581,573,577,576.79,4624,26.61
23-11-2012,578,582,574,574,574,5038,29.11
26-11-2012,584,584,573,576.4,576.4,12209,70.42
27-11-2012,580,591,580,582,585.5,5688,33.17
29-11-2012,589,593,589,593,592.3,9621,56.94
30-11-2012,595,600,594,596.95,596.95,9482,56.57
03-12-2012,597,600,595.05,597,596.94,13082,78.01
04-12-2012,598,604,597,600,599.8,8866,53.16
05-12-2012,601,605,599,603.15,600.56,10192,61.18
06-12-2012,602,602,596.45,601.8,601.67,9674,57.89
07-12-2012,601,603,596,601,601.04,9750,58.53
10-12-2012,601.9,603,600,601,601,10119,60.85
11-12-2012,603,612,597.95,600,600.94,10886,65.8
12-12-2012,603,603.95,600.25,603.9,603.84,9517,57.4
13-12-2012,603,603,595,595.5,598.18,45222,270.85
14-12-2012,599,599,595,598,598.36,9191,54.92
17-12-2012,598.5,600,596,596.5,596.37,9124,54.49
18-12-2012,599,603,594,603,599.65,9524,56.93
19-12-2012,603,605,602.1,603.5,603.5,9400,56.74
20-12-2012,604,604,599,599.5,599.01,9277,55.69
21-12-2012,597.8,601,594.5,594.5,598.06,15988,95.68
24-12-2012,599,601,596.01,598.01,597.99,8071,48.26
26-12-2012,597.02,603,597.01,601,601,5152,30.84
27-12-2012,604,604,600,600,600.02,6985,42.13
28-12-2012,598.97,604,598,601,598.46,8058,48.37
31-12-2012,602.9,604,602,602,602.79,6754,40.71
01-01-2013,602,690,602,602,604.58,8088,48.92
02-01-2013,608,610,606,608,607.12,7850,47.69
03-01-2013,611.5,615,610,613,613.2,8484,51.98
04-01-2013,611,615,610,615,610.54,14460,88.33
07-01-2013,613.97,614.99,611,611,612.78,7490,45.91
08-01-2013,610.9,613,607.5,607.5,610.94,7415,45.29
09-01-2013,611,614.99,611,611,611,7511,45.94
10-01-2013,611.99,612,611,611.5,611.45,6849,41.89
11-01-2013,615,615,609.8,613.4,613.7,6865,42.07
14-01-2013,610,610,608.1,608.12,608.11,6698,40.75
15-01-2013,613,617.99,612,615,615,14424,88.57
16-01-2013,615,633.21,614,615.99,615.99,8003,49.44
17-01-2013,614,617.95,613.5,617.95,617.95,6763,41.6
18-01-2013,618,619,617,617.55,617.55,6849,42.35
21-01-2013,618,620.99,616,616.95,616.95,7203,44.57
22-01-2013,619,621.1,618,619,618.98,7740,47.95
23-01-2013,618.7,618.91,610.1,612.95,612.25,21697,133.32
24-01-2013,612.95,613.51,610,612,612,7197,44.08
25-01-2013,612.05,624.4,612,624.4,613.78,6846,41.95
28-01-2013,618,618.45,617,617.02,617.07,5938,36.7
29-01-2013,616.99,621,616.99,618,618,8922,55.13
30-01-2013,618,618,613.99,615,615.6,18230,112.13
31-01-2013,615.75,616,615,616,616,6844,42.14
01-02-2013,620,620,611,612,612.86,8066,49.5
04-02-2013,613.49,613.5,610.01,610.49,610.49,6905,42.3
05-02-2013,607,610,605.5,606.5,605.78,7920,48.08
06-02-2013,608.51,615,606.5,608,606.99,7300,44.39
07-02-2013,605,616.38,603.1,604,603.98,7387,44.7
08-02-2013,607,607,603.49,603.49,603.49,6864,41.51
11-02-2013,600,605.7,599.5,602,601.98,7031,42.28
12-02-2013,600,608,600,608,605.97,7289,43.83
13-02-2013,605,606.5,605,605.5,605.5,32,0.19
14-02-2013,605,609,603.5,603.5,603.5,378,2.3
15-02-2013,600,600,596,600,599.75,34401,205.21
18-02-2013,599.5,601,595.18,601,601,659,3.94
19-02-2013,600.25,605,599,603,603,232,1.4
20-02-2013,601.5,607,601.5,605.5,605.5,389,2.35
21-02-2013,600,601.5,600,601,601,223,1.34
22-02-2013,595,605,595,600,601.49,6875,41.33
25-02-2013,601,607.63,596,599,599,600,3.6
26-02-2013,595.25,595.5,590.25,593,593.86,1015,6.03
27-02-2013,594,594,592.5,594,594,151,0.9
28-02-2013,595,597,585,586,586.89,3083,18.23
01-03-2013,585.5,587,579.95,586.75,586.85,1202,7
04-03-2013,583,589,526.42,585,586.04,6473,37
05-03-2013,584,588,584,587,587.79,548,3.22
06-03-2013,590,596,590,594.5,594.72,36817,217.96
07-03-2013,600,600,592.5,593,593.2,597,3.54
08-03-2013,598,604,598,603,603,504,3.03
11-03-2013,603,603.5,602,603,603,222,1.34
12-03-2013,604,604.75,600.98,602,602,3549,21.36
13-03-2013,598.75,600,598,600,599.62,93,0.56
14-03-2013,596,599.5,596,599.5,599.5,27,0.16
15-03-2013,598.19,604.75,598.19,598.19,598.19,92,0.56
18-03-2013,592,595,590,594,594,57,0.34
19-03-2013,595.75,595.75,587,587,588.85,5569,32.98
20-03-2013,588.5,592,586,586.5,586.2,647,3.81
21-03-2013,587.5,593.2,582,583,584.68,4468,26.41
22-03-2013,585,588.11,580,585,584.99,1313,7.7
25-03-2013,585,592.92,579,580,581.45,7706,44.98
26-03-2013,585,587.99,576,583,582.35,1062,6.17
28-03-2013,585,594.94,574.99,592,589.54,18588,107.57
01-04-2013,586,592,584.95,588,588.1,447,2.63
02-04-2013,586,592,586,590,590,803,4.71
03-04-2013,588,592,583,583,584.26,424,2.5
04-04-2013,585,585,570,575.3,574.98,320,1.85
05-04-2013,574,584.99,571,577,576.63,4728,27.2
08-04-2013,572,575.5,572,572.5,573.12,606,3.48
09-04-2013,572.75,578.99,568,569,568.98,668,3.83
10-04-2013,571,573.5,567,572,572.91,597,3.4
11-04-2013,576,578,574,578,576.89,1166,6.71
12-04-2013,570,586.15,570,573,573,1096,6.28
15-04-2013,567,576,566,576,576,364,2.07
16-04-2013,571,583,571,582,582,429,2.48
17-04-2013,586,587.05,581,581,582.79,327,1.91
18-04-2013,582,595,577.1,595,591.89,275,1.61
22-04-2013,593,597.5,593,596.5,596.95,3223,19.14
23-04-2013,596,597,592,596,596.86,593,3.51
25-04-2013,597,603,597,601,601.78,4109,24.62
26-04-2013,601,602.5,598,598.1,600.09,301,1.81
29-04-2013,604,605,602,603,602.95,1136,6.85
30-04-2013,612,612,600.11,603,603,1654,9.99
02-05-2013,604.5,615,603,611,610.14,786,4.77
03-05-2013,610,613.5,604.94,611,610.71,1016,6.18
06-05-2013,611.25,611.5,607,610,610,139,0.85
07-05-2013,605,609.98,605,607.5,607.44,5378,32.61
08-05-2013,607,608,604,608,607.08,749,4.54
09-05-2013,608,610.5,606,607.5,608.17,902,5.49
10-05-2013,608,612.99,607.5,612,611.67,513,3.13
11-05-2013,612,612,610,611,611,555,3.39
13-05-2013,611,611,605.68,605.69,605.69,2972,18.02
14-05-2013,604,604,601,603.5,603.5,96,0.58
15-05-2013,604,621.15,601,610.01,610.13,7504,45.51
16-05-2013,615,618.99,612.99,615,616.34,523,3.22
17-05-2013,615.5,618,610,618,615.8,9718,59.84
20-05-2013,620,620,613,613.5,613.2,757,4.67
21-05-2013,614,620,612.69,613,612.94,1612,9.89
22-05-2013,615,615,609,609.5,609.5,51,0.31
23-05-2013,605,605,594.99,597,597,7763,46.82
24-05-2013,601,606,598,600,599.86,295,1.78
27-05-2013,601,610,601,606,606.43,272,1.65
28-05-2013,608,613,606,610.5,610.62,376,2.29
29-05-2013,610.75,611,607.75,608,608,43,0.26
30-05-2013,608,610,608,610,610,41,0.25
31-05-2013,608,608,605.5,607,606.27,647,3.92
03-06-2013,600,606,599.5,602,602,235,1.41
04-06-2013,598,603,598,599,599,140,0.84
05-06-2013,595,602,590,596,596,451,2.7
06-06-2013,595,596.5,592,596.5,596.5,88,0.52
07-06-2013,594,601,594,595,595,125,0.75
10-06-2013,599,601,591.97,594,594.08,149,0.89
11-06-2013,590,593,585.7,588,588.41,181,1.07
12-06-2013,586,586,577.95,580,580.26,662,3.84
13-06-2013,575,575,574.5,575,575,148,0.85
14-06-2013,580,592,580,581.75,582.63,287,1.68
17-06-2013,585,596,582,596,595.5,188,1.1
18-06-2013,595,596,585,585,589.23,86,0.51
19-06-2013,586,590,585,585.02,585.02,164,0.96
20-06-2013,583,591.75,575,576.5,578.54,1248,7.23
21-06-2013,575,586.57,574,575,575,880,5.08
24-06-2013,585,590,567.7,570,569.26,5670,32.28
25-06-2013,571.5,574,567,569.05,569.52,128,0.73
26-06-2013,570,570,569,569,569,71,0.4
27-06-2013,574.5,578,574,578,577.99,2419,13.96
28-06-2013,580,595,580,589,589,420,2.47
01-07-2013,595,596,593,595.9,595.9,79,0.47
02-07-2013,596.9,599,595,597,597,103,0.61
03-07-2013,590,590,587,588,588,35,0.21
04-07-2013,591,594,590,593,593,84,0.5
05-07-2013,599,670,596,623,624.98,445,2.7
08-07-2013,624.92,650,590,590,591.36,452,2.75
09-07-2013,593,595,593,595,593.75,90,0.53
10-07-2013,597,598,590.06,592,592.79,83,0.49
11-07-2013,601,601,596,600,598.06,701,4.2
12-07-2013,605,609.01,600,609,605.37,1065,6.43
15-07-2013,615,615,608,613,612.61,156,0.95
16-07-2013,601,607,601,604.5,604.5,110,0.66
17-07-2013,609,610,603,605.5,605.55,94,0.57
18-07-2013,612.75,614,607,614,613.9,94,0.57
19-07-2013,616.25,616.25,614,614,614.28,321,1.98
22-07-2013,610,615.5,610,614,614,793,4.87
23-07-2013,615,623,612.05,616,616,5391,33.13
24-07-2013,614.5,615.5,604,604,604.49,29998,181.28
25-07-2013,605,608.5,601.99,602,603.65,23025,138.63
26-07-2013,604.5,605,599,601,601,5340,32.06
29-07-2013,599,600,593,595,595.38,400,2.39
30-07-2013,595.38,595.38,588,588,588,191,1.13
31-07-2013,585,595,580,585.5,589.16,193,1.13
01-08-2013,590,590,582,584.5,584.53,862,5.05
02-08-2013,582,606.5,579,583,590.73,3084,18.2
05-08-2013,595,604.94,579,581,581,203,1.19
06-08-2013,579,580,565,568,569.83,1235,7.07
07-08-2013,568,570,565,570,570,409,2.32
08-08-2013,569,571,567,571,570.66,629,3.58
12-08-2013,570.75,578,569.1,569.1,572.63,1033,5.91
13-08-2013,570.75,579.5,570.5,579.5,579.25,144,0.83
14-08-2013,580,584.9,579,581,582.12,129,0.75
16-08-2013,580,600,561.1,561.1,573.05,673,3.87
19-08-2013,580,580,551.01,555,555.77,776,4.33
20-08-2013,546,565,545,558.95,558.66,2012,11.11
21-08-2013,551,569,548,554,552.98,565,3.13
22-08-2013,547,555,540,547,547.39,557,3.05
23-08-2013,530,556,522,555,555,373,2.03
26-08-2013,560,564,559,560,560,87,0.49
27-08-2013,563,567.2,543,543,543,1250,6.93
28-08-2013,534,554.7,533,538,538.74,491,2.63
29-08-2013,542,556.7,541,553,551.14,723,3.94
30-08-2013,548.5,567,548,560,558.56,1397,7.8
02-09-2013,570,573,550.04,557,558.81,370,2.08
03-09-2013,560,565,545,545,547.15,392,2.18
04-09-2013,543,557,542,557,556.5,1747,9.57
05-09-2013,566,571,566,570.9,567.18,193,1.1
06-09-2013,570,579.8,568,579.8,578.48,1128,6.52
10-09-2013,578,598,570.01,594,596.01,2393,13.97
11-09-2013,594,600,592,600,598.23,23787,141.2
12-09-2013,598,599,589,590.99,590.99,6836,40.56
13-09-2013,590,597,589,596,596.66,61,0.36
16-09-2013,600,607,592,599,596.49,1110,6.65
17-09-2013,593,597,590,592.95,592.93,522,3.1
18-09-2013,592.95,600,589,600,599.7,1325,7.91
19-09-2013,600.02,618,600.02,616.95,616.06,2057,12.58
20-09-2013,616,616.06,604,610,610,923,5.62
23-09-2013,606.5,609,598,599,599,911,5.5
24-09-2013,596,604.5,596,600,603.67,430,2.59
25-09-2013,601,601,592,600,599.99,172,1.03
26-09-2013,598.9,603,598.5,600,602.42,992,5.96
27-09-2013,603.5,603.5,595,595.5,595.66,311,1.86
30-09-2013,600,600,585,585,585,321,1.89
01-10-2013,590,590,584,585,584.97,105,0.61
03-10-2013,585,601,585,598,598.96,1265,7.56
04-10-2013,600,606.25,588.7,603,597.16,1409,8.44
07-10-2013,602,603,599,601,600.51,587,3.52
08-10-2013,600,608.75,600,604,604,414,2.51
09-10-2013,600,612,600,611.5,610.03,438,2.64
10-10-2013,612,614.5,609,614.5,613.93,1772,10.85
11-10-2013,616,623,615,621,619.42,419,2.59
14-10-2013,620,622.5,620,622,622,103,0.64
15-10-2013,620,623.5,618,620,620.15,371,2.3
17-10-2013,620,621,615,615.5,615.5,291,1.8
18-10-2013,619,630,618.75,630,626.19,1601,10.01
21-10-2013,632,632.45,629,630.5,630.6,293,1.85
22-10-2013,631,631.5,630,631.5,630.91,635,4.01
23-10-2013,631.5,632,625,626,625.19,576,3.62
24-10-2013,631,636,626,628,627.33,231,1.45
25-10-2013,628,628,627,627,627,124,0.78
28-10-2013,630,630,620,621,622.94,273,1.71
29-10-2013,620,634,620,633.25,633.16,933,5.84
30-10-2013,633,636,627,634,634.94,333,2.11
31-10-2013,625,650,625,650,642.15,740,4.71
01-11-2013,645,645.5,644.2,644.25,644.2,1104,7.12
03-11-2013,515.3,648,515.3,647.5,647.5,1463,9.47
05-11-2013,648,648,639.55,639.55,640,1154,7.4
06-11-2013,640.8,641,636,636.1,636,1284,8.19
07-11-2013,636,643.5,634,634,634.04,5132,32.73
08-11-2013,636.5,636.5,622.5,629.3,629.3,2478,15.59
11-11-2013,640,680,618.35,624.6,624.6,244,1.54
12-11-2013,625,625,616,616.9,616.55,183,1.14
13-11-2013,616.3,617.9,612.25,612.25,612.26,33,0.2
14-11-2013,626.13,626.13,618,618,618,298,1.85
18-11-2013,622.5,627.75,622.5,626,626.54,258,1.61
19-11-2013,632,633,632,632,632,110,0.7
20-11-2013,629.75,631.25,625.01,627.25,627.02,53,0.33
21-11-2013,620,620,610,615.01,614.91,5073,31.2
22-11-2013,615.5,616,612.25,612.25,612.25,2705,16.64
25-11-2013,618,619.75,616,617.9,618.21,912,5.64
26-11-2013,619,624.45,617.5,617.75,617.57,122,0.76
27-11-2013,689,689,617.3,617.7,617.7,187,1.17
28-11-2013,620.5,622.55,620.25,622,622,34,0.21
29-11-2013,622.25,630.35,622.25,629.55,629.55,232,1.46
02-12-2013,632.25,636,631,636,636,742,4.69
03-12-2013,633,633.25,632,632,632,1056,6.68
04-12-2013,630,632.25,630,630.25,630.61,207,1.31
05-12-2013,640,640,634,636.9,636.9,222,1.42
06-12-2013,633.75,637.95,633,637.95,637.95,198,1.26
09-12-2013,640,650.05,640,646.25,646.52,634,4.1
10-12-2013,645.75,647,642,645.5,645.25,2062,13.3
11-12-2013,640.95,644,640.95,644,644,308,1.98
12-12-2013,640,640,635.75,637,637.44,369,2.35
13-12-2013,639.95,652.01,630.75,630.75,630.75,706,4.51
16-12-2013,635,635,627,627.5,627.5,339,2.14
17-12-2013,629,629.75,628,628,628,145,0.91
18-12-2013,625,633.5,625,633,633,111,0.7
19-12-2013,631,631,626,630.25,630.05,436,2.74
20-12-2013,629.75,639.85,629.75,639.5,637.8,372,2.35
23-12-2013,641.5,641.5,641,641.5,641.5,58,0.37
24-12-2013,641,641,640,640,640.13,241,1.54
26-12-2013,639.25,643,639,643,642.37,492,3.15
27-12-2013,642.75,644,642,643,643,691,4.45
30-12-2013,643,644.5,642,642,642.36,355,2.28
31-12-2013,642,642.75,642,642,642,216,1.39
01-01-2014,642.5,644,641.25,641.25,641.25,99,0.64
02-01-2014,642.25,647.5,636,636.5,636.21,1417,9.07
03-01-2014,635,635,626.01,631,630.94,97,0.61
06-01-2014,630,636,629,630.75,630.62,1032,6.55
07-01-2014,632.75,633,628.8,628.8,628.81,304,1.91
08-01-2014,629.9,629.9,629.5,629.9,629.9,77,0.48
09-01-2014,631,632,630,632,632,205,1.29
10-01-2014,630,635,629,629,634.1,468,2.97
13-01-2014,636,639,636,637.25,637.25,434,2.77
14-01-2014,637.75,639.75,636.5,637.75,637.75,160,1.02
15-01-2014,636.5,642.9,636.5,642,642,189,1.21
16-01-2014,644.5,644.5,643.5,643.5,643.5,38,0.24
17-01-2014,641.25,644,640.6,642,641.68,823,5.29
20-01-2014,636,641.85,636,641,641,178,1.14
21-01-2014,641,644,641,643,643,2484,15.96
22-01-2014,640,647,635.05,637,637.1,1821,11.68
23-01-2014,635,636.25,634.8,635,635,2053,13.05
24-01-2014,634,644.99,629,629.5,629.5,619,3.91
27-01-2014,628,628,618.62,618.62,618.64,5819,36.07
28-01-2014,617,617.5,612,615,615.13,1580,9.73
29-01-2014,617.5,619.5,615,615.3,615.97,1609,9.94
30-01-2014,615,615,607,608,607.63,709,4.31
31-01-2014,560,612.3,560,611.8,611.8,1018,6.22
03-02-2014,611,611,601.4,601.4,603.02,1613,9.74
04-02-2014,600,602,599,602,602,5899,35.43
05-02-2014,602,605,600,605,605,2016,12.14
06-02-2014,605,607,600,604,604,6754,40.67
07-02-2014,608,609.5,607,609,608.12,10802,65.77
10-02-2014,609,611,608,608,608,330,2.01
11-02-2014,609,609,608,608,608,531,3.23
12-02-2014,615,617,600.01,612.15,612.15,350,2.14
13-02-2014,609,609,606,606,606,55,0.33
14-02-2014,605,607,601.5,606.5,606.51,3032,18.3
17-02-2014,610,610,607.5,609,609,672,4.08
18-02-2014,615,622,611,615.5,615.5,1563,9.6
19-02-2014,615,616,615,615.5,615.5,138,0.85
20-02-2014,615,615.9,613.25,614.5,614.5,53951,332.27
21-02-2014,615,616,615,615.5,615.52,151,0.93
24-02-2014,615.9,621,615.9,621,621,585,3.61
25-02-2014,620,622.65,620,622.5,622.5,1564,9.71
26-02-2014,500.6,625.5,500.6,625.5,625.5,704,4.39
28-02-2014,626.5,630.25,626.5,630.25,630.02,214,1.34
03-03-2014,630,630,624.25,624.25,624.25,591,3.71
04-03-2014,625.25,631.25,625.25,631.25,631.25,1814,11.38
05-03-2014,633.5,634.75,630.5,634.5,634.61,1359,8.6
06-03-2014,636.5,642,636.5,641.75,641.75,1315,8.4
07-03-2014,647,655.5,646,655.5,655.5,3863,25.2
10-03-2014,655,658.75,653.5,657.75,658.68,7300,47.92
11-03-2014,657.75,658,654.11,654.25,654.25,1479,9.7
12-03-2014,654.75,656.5,653.25,655.75,655.75,3069,20.11
13-03-2014,657.5,662.6,657.26,662.6,658.57,2055,13.54
14-03-2014,650,655.05,648.75,655.05,655.02,210,1.36
18-03-2014,660,660.25,656.25,656.25,656.25,463,3.05
19-03-2014,656.75,657.5,656.25,657.5,657.5,937,6.16
20-03-2014,654.5,654.75,653.51,653.75,653.75,265,1.73
21-03-2014,656,656,652.75,652.75,652.91,136,0.89
24-03-2014,660,665,657.5,661,661,1239,8.17
25-03-2014,662,662.25,659.75,661.75,661.75,1667,11.03
26-03-2014,665,666.25,662.75,663.5,663.5,1650,10.96
27-03-2014,664.25,668,664.25,667.5,667.5,249,1.66
28-03-2014,669.25,673,669.25,673,672.71,1389,9.32
31-03-2014,676,676.25,671.02,675,675,824,5.55
01-04-2014,675,675.5,672.5,675.25,675.39,1245,8.39
02-04-2014,678,678.25,675.01,678.25,677.74,1844,12.49
03-04-2014,680,680,674,675.25,675.25,123,0.83
04-04-2014,675,675,673.25,673.25,673.25,750,5.06
07-04-2014,675,675,671,673.75,671.74,653,4.39
09-04-2014,673.75,682,673.75,680.25,680.53,1676,11.36
10-04-2014,685,685,683,684.05,684.18,1558,10.66
11-04-2014,680,681,679.75,680.25,680.25,362,2.46
15-04-2014,680.25,680.25,674.75,677.5,677.16,2121,14.35
16-04-2014,677,677,673,673,673.04,313,2.11
17-04-2014,673.25,686.17,673,679.5,679.5,3026,20.56
21-04-2014,680,685,680,684.5,684.5,850,5.81
22-04-2014,685.5,686.5,684.75,685,685.59,801,5.49
23-04-2014,687,688,686,687.75,686.87,1027,7.06
25-04-2014,685.25,687,681,681.5,681.5,879,6.03
28-04-2014,681.25,681.5,679.25,681.25,681.25,1344,9.15
29-04-2014,681,681,674.01,674.01,674.01,3210,21.7
30-04-2014,679,681.5,670.5,676.5,675.61,6242,42.19
02-05-2014,676.5,688.24,674.75,676.63,676.63,61320,416.3
05-05-2014,676,679.5,672.75,677.5,677.49,36668,248.05
06-05-2014,677,682,674.5,678,676.5,18238,123.35
07-05-2014,541.25,680,541.25,668.25,670.4,16257,109.6
08-05-2014,541.25,673.25,541.25,672,672.04,14981,100.57
09-05-2014,625,696.9,625,686.5,690.06,30987,211.43
12-05-2014,770,770,692,697.01,699.57,31040,216.05
13-05-2014,655.1,716.5,655.1,712,711.29,24418,173.29
14-05-2014,711,712.5,700,711,712.12,16689,118.59
15-05-2014,670,714.5,670,713,711.86,4902,34.85
16-05-2014,725,850,717.05,719.5,720.1,34565,253.43
19-05-2014,715.5,728,715.2,724,725.01,75333,542.82
20-05-2014,727,727.5,721,721,722.16,24129,174.74
21-05-2014,716.5,726,716.5,724,723.53,31330,226.78
22-05-2014,723.1,727.5,722.25,724,724.48,173072,1253.9
23-05-2014,725,740,725,737,737.05,19315,140.92
26-05-2014,743,747,727.8,738,735.19,8317,61.5
27-05-2014,730.5,734,729,734,733.89,5253,38.38
28-05-2014,733,734,731.5,734,733.58,2900,21.25
29-05-2014,635.55,732,635.55,724,725.48,4024,29.33
30-05-2014,726,729.23,723.5,723.5,723.6,1240,8.99
02-06-2014,723.5,737.5,723.5,736.5,736.99,7133,52.41
03-06-2014,635.55,743.99,635.55,740,740.69,4731,35.06
04-06-2014,734.62,743.99,734.62,740,739.83,2326,17.23
05-06-2014,755,755,737.5,748,748,4718,35.05
06-06-2014,751.5,760,751.25,760,758.58,7926,59.92
09-06-2014,785,785,762,767,767.79,7395,56.68
10-06-2014,765,769,759.5,765,766.97,10450,79.76
11-06-2014,768.5,772,762.5,762.5,764.46,8827,67.61
12-06-2014,735.55,771,735.55,768,767.09,35451,273.14
13-06-2014,770,773.7,758.25,758.25,759.24,5114,39.06
16-06-2014,760,760.5,755,758.5,758.66,4068,30.8
17-06-2014,759,768,756.1,767.5,767.01,2692,20.43
18-06-2014,707,772,707,760.2,766.63,7888,60.63
19-06-2014,770,770,755.01,756,755.53,6388,48.45
20-06-2014,757.5,758,754,754,755.53,1914,14.47
23-06-2014,754,756.75,750,755,756.09,1908,14.39
24-06-2014,760,764,760,762,761.02,6517,49.61
25-06-2014,761.5,762,760.5,761.5,761.5,316,2.41
26-06-2014,764.9,764.9,755.5,755.5,755.63,1326,10.05
27-06-2014,760,760,756.75,756.75,756.78,1681,12.74
30-06-2014,760.5,766.5,760.5,766,766.14,681,5.21
01-07-2014,769.5,769.5,767.75,767.75,767.76,1432,11
02-07-2014,770,779.8,770,777,776.5,3166,24.56
03-07-2014,775,781,775,777.75,777.66,3789,29.5
04-07-2014,778,778.25,773.25,776.5,776.21,4341,33.65
07-07-2014,782.75,788.25,781.5,788.25,787.86,34081,268.33
08-07-2014,787,787.9,765.1,767,770.52,6235,48.51
09-07-2014,772,772,763,765,765.31,5741,44.07
10-07-2014,766,784.15,759,761.5,763.43,38463,295.83
11-07-2014,764,766,753.5,754,755.68,2522,19.17
14-07-2014,754,754.4,749.5,751.75,751.6,6170,46.36
15-07-2014,756.75,759.6,753,757.25,758.14,10503,79.25
16-07-2014,761.75,770,760,767.7,766.24,11042,84.16
17-07-2014,770,772,768,770,770.35,5223,40.21
18-07-2014,760,774.5,755,771.5,772.53,11235,86.55
21-07-2014,778,778.25,775.5,775.5,775.83,3290,25.59
22-07-2014,778,785,778,785,783.41,4127,32.23
23-07-2014,787.5,788,784.5,787.5,787.15,2281,17.94
24-07-2014,788.9,791,786.5,790,790.21,4373,34.48
25-07-2014,790,790,782.01,788.5,788.51,43244,340.24
28-07-2014,780,794.9,776,782.2,781.97,3197,25.04
30-07-2014,782,790,782,790,789.11,2923,22.95
31-07-2014,788.75,792.5,782.6,783.2,788.04,21600,170.59
01-08-2014,778,781.6,772,772,772,3719,28.88
04-08-2014,774.5,780,773.25,778.5,777.78,5478,42.44
05-08-2014,779.75,783.5,774,781,782.02,10322,80.31
06-08-2014,780,782.5,770,772.5,772.95,11736,91.22
07-08-2014,773,775,767.25,770.9,770,17055,131.63
08-08-2014,764.5,764.5,762.5,763.5,763.78,7569,57.78
11-08-2014,764,773.25,764,771.5,771.57,11382,87.64
12-08-2014,774.5,782.5,773.5,780,780.1,6538,50.83
13-08-2014,780,782,778,780.1,781.59,13107,102.25
14-08-2014,782,788.5,782,787.5,787.5,2722,21.41
18-08-2014,790,794,787.5,793,793.09,5490,43.45
19-08-2014,797,799,796.25,797.5,797.59,6099,48.66
20-08-2014,797,798,795.25,796.5,796.62,3922,31.24
21-08-2014,795,801,790.15,799,799,18731,149.3
22-08-2014,792.5,804.8,792,799,799.09,6965,55.54
25-08-2014,803.6,806.5,800.5,801,803.01,18275,147.1
26-08-2014,799,805,797.5,799.5,799.33,12763,102.28
27-08-2014,804,804.5,802,803,803,1170,9.39
28-08-2014,805,805.75,803.5,805.05,804.56,2592,20.86
01-09-2014,804,813.85,804,813,812.95,5711,46.29
02-09-2014,813.5,816.5,813,815.61,815.61,15594,127.05
03-09-2014,817.5,821,816.5,818,818.25,69006,564.73
04-09-2014,822,822,812.1,818,818.05,6917,56.46
05-09-2014,818.01,819,813.01,816,816.46,8826,71.94
08-09-2014,821,824,820,823.15,823.68,4852,39.85
09-09-2014,822.5,824,821,823,823.05,4961,40.83
10-09-2014,820,821,818,820,819.37,1171,9.6
11-09-2014,820,821,815,818.5,819.95,4068,33.29
12-09-2014,820,820.5,815,820,819.71,3434,28.07
15-09-2014,819,819,813,814,813.81,1906,15.52
16-09-2014,813,814,804.5,806.5,804.89,3547,28.72
17-09-2014,807.75,809.5,805,808.5,808.8,3012,24.29
18-09-2014,806.95,823.99,806.95,823.95,820.89,4815,39.24
19-09-2014,821,827.5,819.15,819.2,821.79,3296,27.15
22-09-2014,819.5,824.5,817.5,823,822.43,1904,15.63
23-09-2014,824,825,810.5,810.5,812.32,3003,24.61
24-09-2014,812,816,808.4,812,812.01,3801,30.89
25-09-2014,812,812,801.3,802.05,802.77,2499,20.14
26-09-2014,802.77,814.4,798,811,809.67,3441,27.63
29-09-2014,809,811.78,803,805.5,804.07,3860,31.1
30-09-2014,806,814,802.5,809,807.65,20632,166.64
01-10-2014,807,808.5,805.55,808.5,808.02,752,6.07
07-10-2014,805,815,794.55,795,796.38,3972,31.76
08-10-2014,795,796.95,792.5,794.1,795.12,4943,39.27
09-10-2014,802,806,802,805,805.05,3552,28.57
10-10-2014,799.5,805.5,796,799.5,798.03,13499,108.06
13-10-2014,795,802,793,794.5,799.06,10530,84.07
14-10-2014,799.95,800,792.2,798,796.73,7133,56.75
16-10-2014,795,799,787,789.5,787.11,8724,69.15
17-10-2014,787,794,787,787.25,788.57,9835,77.68
20-10-2014,790,801.37,790,801,799.97,47728,380.49
21-10-2014,801,818,800,809.99,807.77,88376,711.48
22-10-2014,813,814,810,810.5,812.94,24337,197.62
23-10-2014,815,818,812,817,817.18,6935,56.62
27-10-2014,817,818.96,812,812,813.7,20507,167.3
28-10-2014,816,817,813,816,816.09,14510,118.23
29-10-2014,819.45,822,815.25,822,821.51,134303,1096.1
30-10-2014,821.05,829.2,820.05,829,826.71,14371,118.78
31-10-2014,830,880,830,845,850.26,37697,317.71
03-11-2014,841.8,846.5,841.8,844.5,844.73,4129,34.89
05-11-2014,851.4,851.4,844.55,845.5,847,5751,48.73
07-11-2014,855,855,840,846.5,846.06,3062,25.85
10-11-2014,845.5,848,842,847.5,846.58,13834,116.91
11-11-2014,825,848.5,825,846.05,846.91,11855,100.27
12-11-2014,850,853,847,847,847.74,3477,29.54
13-11-2014,853.5,853.5,844.1,848,847.11,9610,81.64
14-11-2014,849.25,850,846.05,849,848.75,6744,57.24
17-11-2014,862.75,862.75,845.55,853.45,853.07,12653,107.62
18-11-2014,862.75,862.75,850.14,854.35,853.41,1262,10.78
19-11-2014,854.55,854.55,845.15,850,849.43,1672,14.23
20-11-2014,849.5,850,845.05,849,849.28,2369,20.1
21-11-2014,849.05,859.95,849.05,857,856.38,9225,78.98
24-11-2014,856,856,839.95,851,849.91,161230,1370.59
25-11-2014,850.1,850.95,842,843,843.27,14946,126.46
26-11-2014,845.05,848.4,842,844.1,843.89,24881,210.24
27-11-2014,845,849.7,840.6,847.5,847.33,18807,159.09
28-11-2014,852.5,859.6,852,855,854.98,27563,235.93
01-12-2014,846.4,857.7,846.4,852,852.38,16219,138.53
02-12-2014,850.1,851.8,842.42,851.8,850.7,11714,99.43
03-12-2014,850,852,847.05,852,850.31,8568,72.84
04-12-2014,855,856,848.05,854.5,854.08,10472,89.37
05-12-2014,855,858,853.15,856.97,856.23,15259,130.76
08-12-2014,858,858,845,846,846.17,3529,30.01
09-12-2014,846.05,846.05,835,838,837.07,3974,33.4
10-12-2014,836.95,839.99,835.1,839,837.04,3947,33.06
11-12-2014,834,834,826,826,827.69,1878,15.58
12-12-2014,829,831.95,824,826,825.35,2133,17.66
15-12-2014,820,825.95,820,824.5,824.14,3521,29.04
16-12-2014,825,825,810.05,813,813.54,11702,95.64
17-12-2014,808,810.05,802,803.9,804.32,4744,38.26
18-12-2014,813,815.65,810,813.5,814.07,6181,50.23
19-12-2014,814,825.95,814,822,822.67,4774,39.29
22-12-2014,825,834,822.05,832.9,832.84,6003,49.61
23-12-2014,834,836,826,826,826.92,4517,37.48
24-12-2014,827,828.95,817.7,819,821.71,2017,16.64
26-12-2014,822,823,815,816.3,818.41,7366,60.27
29-12-2014,826.95,829,824.05,827,828.18,4058,33.54
30-12-2014,820.55,830,820.55,827,826.5,741,6.12
31-12-2014,828.35,830,826.5,827.75,827.96,4812,39.84
01-01-2015,828.05,831,826.05,831,829.57,1262,10.46
02-01-2015,833,840,833,840,838.49,2932,24.58
05-01-2015,840,844,834,837.5,837.11,5342,44.78
06-01-2015,834,834,815.35,817,818.59,11251,92.55
07-01-2015,818.42,820,810,815,814.08,13259,107.98
08-01-2015,818.3,823,816.6,823,822.49,5679,46.55
09-01-2015,825,828.5,820,827,827.34,3736,30.85
12-01-2015,829,835,826,835,834.45,5410,44.87
13-01-2015,834,837.6,828.1,834,834.66,13705,114.33
14-01-2015,837.65,837.65,824,831,829.65,28640,237.62
15-01-2015,830.3,850.95,830.3,849.7,850,52619,444.17
16-01-2015,845,854,845,853.5,852.47,4160,35.37
19-01-2015,853,858,851.05,856,857.33,1829,15.66
20-01-2015,859.9,868.8,857.95,868.65,867.16,7383,63.69
21-01-2015,868,875,867.05,873.2,872.28,14378,125.24
22-01-2015,876,878.9,871.15,875,875.41,11304,98.96
23-01-2015,878,886,878,879.01,881.19,3369,29.68
27-01-2015,888,889,880,886,886.38,10183,89.92
28-01-2015,887,896.65,886.2,893,893,28062,250.47
29-01-2015,889,894,887.05,892,891.66,1650,14.68
30-01-2015,963,963,880.7,883.9,885.07,3617,32.13
02-02-2015,881.05,884,876,879,879.34,12961,114.1
03-02-2015,891,891,876,882.5,882.49,10075,88.89
04-02-2015,881,881,870,872.9,872.92,19139,167.45
05-02-2015,874,884.9,873,873,873.87,6054,53.15
06-02-2015,873,873.95,867.4,870,868.83,2888,25.14
09-02-2015,816.7,865,816.7,855.1,855.97,3724,32
10-02-2015,850.95,860,847,853.3,855.1,58632,500.76
11-02-2015,861.95,864,859,861.5,861.44,8672,74.7
12-02-2015,862,873.86,860.05,872.1,869.84,38324,331.59
13-02-2015,875,882.7,873,881.55,880.54,11398,100.24
16-02-2015,883,887.95,878.05,883.99,883.28,4364,38.61
18-02-2015,883,890,881,885,886.73,11852,105.08
19-02-2015,887,890.56,883,889,889.49,2750,24.4
20-02-2015,887.8,889.94,882.05,883.25,884.37,2977,26.37
23-02-2015,885,888,875,875,876.28,2378,21.03
24-02-2015,880,882,875,876.1,876.99,3610,31.76
25-02-2015,881,885.95,879,879,881.28,1857,16.38
26-02-2015,880,880,871,871,872.62,2111,18.43
27-02-2015,876,888.48,872.25,888,885.47,5147,45.11
28-02-2015,883.25,896.9,879,892.05,894.13,4047,36.07
02-03-2015,897,898.7,892,897,896.43,3288,29.44
03-03-2015,895,901.95,894.01,897,900.15,2626,23.62
04-03-2015,906,909,890.25,893,897.51,5528,49.8
05-03-2015,899,899,892.2,893,895.65,2682,24.03
09-03-2015,889,891,876.5,876.5,880.47,18841,166.6
10-03-2015,885,885,870.05,875,875,20921,183.82
11-03-2015,874,879,872.15,875.9,874.82,4048,35.4
12-03-2015,877,881.8,877,881.4,879.53,2942,25.81
13-03-2015,883,886.5,865.5,873.4,871.7,7217,63.35
16-03-2015,873.4,873.4,865.15,866,866.44,1817,15.76
17-03-2015,867,875.8,863.25,875,873.86,15563,135.45
18-03-2015,876,877.4,868.25,870,869.81,2534,22.08
19-03-2015,871,880.9,863,865,864.74,10788,94.35
20-03-2015,863,868,858.25,861,859.99,15823,136.58
23-03-2015,866.65,866.65,856.75,856.75,857.32,3364,28.88
24-03-2015,860.4,864.9,855,860,858.97,10641,91.44
25-03-2015,857,857.95,851.25,853,853,5650,48.26
26-03-2015,851,853,839,841,840.9,9816,83.03
27-03-2015,846.4,846.4,834,839,838.13,9827,82.38
30-03-2015,840,849,840,849,847.8,10238,86.25
31-03-2015,853,856,847.4,853.9,852.17,10815,92.25
01-04-2015,853,862.78,848.65,862.78,861.04,22481,192.14
06-04-2015,874.2,874.2,857.11,869.78,869.59,19930,172.26
07-04-2015,871,872.05,861.7,871.6,868.21,68920,597.84
08-04-2015,870,876.7,869,872.5,872.16,13121,114.39
09-04-2015,874.05,877.8,871,876.9,875.29,17836,156.07
10-04-2015,871,878.5,871,878.5,875.93,1347,11.8
13-04-2015,878.55,884.25,877,883,883.49,3541,31.22
15-04-2015,883,886.85,875.5,876,878.97,151008,1328.74
16-04-2015,877,877,865.25,869,870,42628,371.78
17-04-2015,870.5,871,861.6,863,863.33,25480,220.5
20-04-2015,863,863,850.15,856,853.96,13873,118.86
21-04-2015,850.15,855.8,843,848.7,848.7,89287,759.55
22-04-2015,850.15,851.5,840.2,850.9,848.14,44650,377.62
23-04-2015,843.35,859.4,842.05,846,846.37,24338,206.63
24-04-2015,844.95,846,828.95,832,831.61,84235,703.32
27-04-2015,836,836,823,823.9,824.2,48056,397.52
28-04-2015,827,834.5,822.6,831.75,833.02,42644,353.38
29-04-2015,833.02,837,828.45,833,832.58,37118,309.24
30-04-2015,825,832,822,824,824.24,44721,368.6
04-05-2015,828.7,837.2,824,837,835.03,6739,56.04
05-05-2015,850,850,831,835.5,835.58,11137,92.95
06-05-2015,833,833,815,817.1,816.88,9366,76.81
07-05-2015,818.45,820,808,812.5,810.29,21868,177.35
08-05-2015,817,825.5,817,823,822.8,10322,84.9
11-05-2015,825,836,825,834,833.84,3589,29.86
12-05-2015,832,834.8,818.15,820,820.11,18920,156.21
13-05-2015,829.25,832,817,825.61,827.67,43508,358.88
14-05-2015,824,828.65,820,826.99,827.2,52780,435.09
15-05-2015,830,835,825,830.1,830.82,30883,256.35
18-05-2015,830.1,841.99,830.05,841.75,839.96,12245,102.03
19-05-2015,836,844.99,833.4,837,839.46,36343,304.2
20-05-2015,840.05,846.8,840,842.31,843.2,34886,294.36
21-05-2015,846.25,847.49,839.35,845,845.74,23566,198.98
22-05-2015,846.5,849.98,844.01,845.3,846.57,12713,107.65
25-05-2015,845,846,839.3,842.2,841.86,16653,140.25
26-05-2015,843,843,833.25,838,837.17,18740,156.92
27-05-2015,833,837.75,830.4,833.52,835.71,28152,234.42
28-05-2015,838,839.8,832.75,833,835.03,27666,230.99
29-05-2015,837,846.7,836.1,846.7,843.11,56206,471.79
01-06-2015,843.11,851.3,843.11,845.76,847.68,43273,367.2
02-06-2015,849.8,849.8,826.16,827.81,829.37,20457,170.47
03-06-2015,836.1,836.1,813.6,820,817.97,91955,752.8
04-06-2015,821,821.6,810.25,816.3,816.15,72013,586.98
05-06-2015,815,824.6,813.15,817,816.52,65031,532.74
08-06-2015,816,817,807.01,809,809.87,20035,162.46
09-06-2015,809,812.4,804.05,808.7,807.31,36861,297.85
10-06-2015,807.1,823,807.1,817,816.28,24580,200.82
11-06-2015,823,823,805.56,805.56,811.28,48910,397.07
12-06-2015,803.01,806,798.06,802.15,801.11,41874,335.17
15-06-2015,801.2,809.9,793,805,804.86,19034,153.21
16-06-2015,804.86,810,801,810,806.77,38975,313.62
17-06-2015,809.19,816,808.23,812.5,812.34,4902,39.78
18-06-2015,814,827,812.25,823,822.21,33054,271.39
19-06-2015,822,829,822,828,828,4381,36.1
22-06-2015,828,841.69,828,840,839.49,65275,545.99
23-06-2015,839.01,843.9,837.05,842.8,841.83,30740,258.47
24-06-2015,844,846.8,836,839.5,839.46,30021,253.2
25-06-2015,842.01,846,838.01,844.7,844.5,8902,75.08
26-06-2015,843.1,844.5,837.34,842.5,842.04,10457,87.91
29-06-2015,827,837.5,825.5,837.5,836.08,56914,472.1
30-06-2015,839.5,842.5,834.49,842.5,841.69,25148,210.8
01-07-2015,830,851.69,830,850,847.35,20880,176.79
02-07-2015,848,851,846.51,848.65,848.52,5998,50.91
03-07-2015,848.8,853,848.27,853,851.36,23624,201.1
06-07-2015,844,856.9,842.22,855,855.25,20085,170.78
07-07-2015,856,859.88,853,857,854.88,27869,238.81
08-07-2015,850,851.4,841,842,842.1,101462,858.43
09-07-2015,846,847.9,837,839,838.74,22565,189.97
10-07-2015,841,843.69,836.6,841.4,841.32,29632,248.71
13-07-2015,842.5,852.15,840.01,851.85,851,38746,328.2
14-07-2015,850,854.44,847.07,849.5,850.14,43034,366.14
15-07-2015,853,857.95,853,855.75,856.25,25041,214.07
16-07-2015,858,865,858,864,863.89,26988,232.36
17-07-2015,864.1,867.95,864,865.55,865.21,39387,340.98
20-07-2015,866,868,861.5,865,867.02,8293,71.67
21-07-2015,865.25,867.97,856.13,858.7,857.26,16000,137.7
22-07-2015,857,867.45,855.2,866.9,866.74,22158,190.61
23-07-2015,870,870,862,864.7,863.73,31818,275.55
24-07-2015,864,864.8,855.27,855.27,856.62,10927,94.16
27-07-2015,854.01,854.01,844,844.01,844.9,1817,15.42
28-07-2015,845.5,848.38,840,840.05,841.73,7573,63.97
29-07-2015,843.99,844.34,839.21,844.29,842.33,4608,38.78
30-07-2015,846.01,851.88,845.4,848,847.95,1432,12.14
31-07-2015,847,860.9,847,858,858.31,26622,228.37
03-08-2015,862.99,862.99,857.2,857.2,858.43,9746,83.83
04-08-2015,860,860.8,852,858.5,858.29,12445,106.64
05-08-2015,880,880,860.21,860.21,861.68,3758,32.42
06-08-2015,861.01,866,860.14,863,863.21,8655,74.78
07-08-2015,863.6,865.79,861.5,863.7,862.87,10874,93.96
10-08-2015,863,868,856,856,857.9,14117,122.1
11-08-2015,857.7,860.21,852.22,854.82,854.32,4475,38.36
12-08-2015,849.01,852.24,845.14,846,846.3,2593,21.99
13-08-2015,855.96,855.96,843.59,845.2,844.2,13343,112.99
14-08-2015,849,858.8,847.5,857.14,857.75,13034,111.51
17-08-2015,858.9,858.9,849.5,851.46,853.44,10174,86.67
18-08-2015,857.4,858,849.1,852.25,851.97,18607,158.6
19-08-2015,850,857,850,854.41,855.16,34462,293.45
20-08-2015,854,855,842.15,845,845.2,7825,66.47
21-08-2015,844,845,834,838,838.04,7962,66.67
24-08-2015,816,822,792.65,793,799.5,16893,137.23
25-08-2015,803.1,871.5,781.61,793.6,795.45,13790,109.46
26-08-2015,795,800.3,788.2,790.1,790.04,25465,202.08
27-08-2015,798,816.6,797.5,804,804,7240,57.98
28-08-2015,811.1,816.4,806.5,808.5,808.6,6031,49.04
31-08-2015,808.5,814.4,802.53,806,805.51,11343,91.71
01-09-2015,797,803,792.1,794.9,795.07,8635,68.9
02-09-2015,795.6,799,781.55,781.6,783.01,9129,72.11
03-09-2015,788,794.35,785.1,790,790.05,10227,80.61
04-09-2015,785,785,776,782,781.97,16102,125.73
07-09-2015,780,782.99,765.67,767,767.43,3556,27.54
08-09-2015,767,782.8,763.05,780,779.89,9688,74.67
09-09-2015,785,796.69,785,789.8,791.14,19437,153.69
10-09-2015,783,790,780.05,790,786.69,27838,218.33
11-09-2015,790.25,797.99,785.41,790,789.57,16298,128.82
14-09-2015,789.57,795,785.22,794,794.23,29448,232.8
15-09-2015,793.65,794.53,788.87,789.05,790.51,3825,30.27
16-09-2015,795.55,797.81,790.2,797,796.91,22284,177.19
18-09-2015,800.1,812,800.1,803.6,805.05,29988,242.16
21-09-2015,796,806,796,804.9,804.87,10346,83.06
22-09-2015,807,812.8,785.91,787,788.76,13827,110.12
23-09-2015,787.03,797.82,784,794,793.93,9027,71.4
24-09-2015,793.39,798.8,789.05,798.35,797.29,701,5.56
28-09-2015,795,797,789,790,790.04,3072,24.39
29-09-2015,780,801,777.27,789,792.21,7684,60.72
30-09-2015,793,801.8,793,801,800.74,1105,8.82
01-10-2015,807.97,808.22,801,801,802.52,358,2.88
05-10-2015,814.08,820,808.22,816.25,817.4,10658,86.72
06-10-2015,821,826,818.85,822.78,824.16,6833,56.21
07-10-2015,830.33,830.33,821.42,826,824.32,4622,38.11
08-10-2015,826,826,820.9,824.77,824.77,3606,29.67
09-10-2015,830.8,830.8,820.06,824.5,824.94,3043,25.15
12-10-2015,830,831,822,822,822,1155,9.55
13-10-2015,822,822,817,818.5,820.92,1335,10.94
14-10-2015,820.5,822,819,819.1,819.1,1129,9.26
15-10-2015,823,826,822.27,824.85,824.99,4102,33.82
16-10-2015,824,833.35,820.15,833.35,831.48,11923,98.95
19-10-2015,835.5,837,831.5,837,835.01,1417,11.82
20-10-2015,837.09,837.09,835,836,836,1250,10.45
21-10-2015,840,841,833.5,836,836,1702,14.23
23-10-2015,841.01,841.01,837,838.98,839.31,4332,36.31
26-10-2015,843,843,835.27,835.27,837.43,2016,16.92
27-10-2015,836.54,836.54,830.1,831.74,830.87,7502,62.41
28-10-2015,831,831,824,830,827.32,5726,47.36
29-10-2015,827.6,827.6,823,823,824.25,441,3.64
30-10-2015,824,825,814.42,817,818.87,8770,72
02-11-2015,815.01,817.94,812.9,817,815.09,1217,9.92
03-11-2015,819.99,820.5,815.09,817.2,817.24,1312,10.74
04-11-2015,820.11,822.89,814.2,815.5,816.61,1108,9.07
05-11-2015,814,814,807,807,807.88,4334,35.21
06-11-2015,809.99,840,805,810.9,807.87,278833,2256.51
09-11-2015,804,806.55,792.05,801.53,803.13,24860,198.73
10-11-2015,799.7,799.7,790.91,794.24,791.28,9044,72.04
11-11-2015,794.79,797.9,794,796.99,795.91,3547,28.23
13-11-2015,795,795,787,787.75,787.64,8549,67.43
16-11-2015,786.6,795.49,784,792.5,793.43,11312,89.4
17-11-2015,793,798,791,794,794.34,4549,36.1
18-11-2015,791.07,794.5,783.43,785.9,784.67,5394,42.66
19-11-2015,815,815,790,795.01,797.38,8300,65.92
20-11-2015,792.78,801.05,791.1,794,794.96,4750,37.92
23-11-2015,796,798,794,795,794.92,1773,14.1
24-11-2015,792,797,790.95,791.6,791.57,847,6.72
26-11-2015,795,799.99,794.5,799,799,1174,9.36
27-11-2015,797,804.14,797,801,801.09,1619,12.97
30-11-2015,801.03,806.38,801.03,804.5,804.02,973,7.82
01-12-2015,808.99,808.99,802,804.5,804.59,2184,17.6
02-12-2015,803.9,806.7,800,804.8,801.99,2923,23.45
03-12-2015,800.02,800.4,793.18,796.6,794.93,1250,9.97
04-12-2015,793.99,795.5,788.01,789,791.01,5185,41.05
07-12-2015,793.5,794,786.05,787,787,11730,92.75
08-12-2015,787.09,788,778.1,779.51,780.43,7301,57.11
09-12-2015,780.43,780.89,771,771,774.6,1981,15.36
10-12-2015,775,778.99,771.05,778.99,778,1619,12.55
11-12-2015,778,780.9,768.18,770.5,771.23,4352,33.58
14-12-2015,767,774.48,765.1,773.8,771.91,9638,74.03
15-12-2015,772,780,770,778.82,779.67,6084,47.01
16-12-2015,781,786.99,781,784.9,784.45,1055,8.27
17-12-2015,785.23,793.84,784.56,790.75,791.45,540,4.25
18-12-2015,790.51,791.71,785,785,785.97,1530,12.06
21-12-2015,787,792.8,787,791,790.88,1434,11.33
22-12-2015,791.73,796.98,789.89,792,791.41,3556,28.14
23-12-2015,793.07,800.97,792.01,800.97,795.21,3223,25.58
24-12-2015,796,798.09,794.49,794.49,794.8,964,7.67
28-12-2015,798,802.99,797,797,798.73,380,3.04
29-12-2015,801.01,804,800,803,803,151,1.21
30-12-2015,802.01,804.29,800,800,800,206,1.65
31-12-2015,800.28,803.61,799.99,803.05,803.05,889,7.14
01-01-2016,803.5,808,800.94,805.5,805.06,1901,15.26
04-01-2016,806.89,806.89,790,794.7,792.96,2859,22.73
05-01-2016,796,796,788.52,788.52,788.57,1791,14.14
06-01-2016,785,791.9,783,785,786.77,675,5.32
07-01-2016,790,795.85,770,775,772.8,3942,30.46
08-01-2016,776.1,780,770.58,780,775.57,1560,12.06
11-01-2016,766.34,771,764.42,766.4,767.27,1942,14.89
12-01-2016,768,768,761,763.99,762.95,3208,24.51
13-01-2016,766.88,768.03,753,763.5,764.81,25675,195.2
14-01-2016,755.05,769.89,753.8,763.06,762.35,3189,24.28
15-01-2016,759.13,762.78,753.85,754.49,755.66,5516,41.8
18-01-2016,754,755,745.45,745.45,747.22,5652,42.37
19-01-2016,732.3,754,717.3,750.77,751.18,9644,72.29
20-01-2016,745,745,735.01,740.32,740.67,6679,49.56
21-01-2016,746,749,737,740.42,740.4,15557,115.53
22-01-2016,744.75,752.8,742.99,752.31,751.63,4215,31.4
25-01-2016,755,758,751.98,752.5,752.6,2838,21.42
27-01-2016,758,758,752,752,753.32,1542,11.63
28-01-2016,754,757.7,751.89,753,754.09,1110,8.37
29-01-2016,755,764.82,753,764.5,764.46,2611,19.84
01-02-2016,764.82,769,763.05,765,764.22,825,6.31
02-02-2016,765,767.99,755,755,757.09,49072,375.32
03-02-2016,747.5,752.76,743.81,745,745.49,4376,32.77
04-02-2016,752,753.25,748,750,750,5686,42.7
05-02-2016,753,765,751.66,765,760.99,49978,380.03
08-02-2016,760,762,753,762,754.84,602,4.57
09-02-2016,743.21,743.5,739,741,740.34,16958,125.87
10-02-2016,738,738,730,731.7,730.79,6332,46.42
11-02-2016,730,730,704.05,706.23,706.53,24672,177.47
12-02-2016,712.48,712.48,700,705.49,704.77,68077,482.8
15-02-2016,710,726.02,710,724.97,724.79,11353,81.84
16-02-2016,729.27,729.27,711,715.5,714.71,6955,50.04
17-02-2016,716.9,720,708,719,719.39,11765,83.89
18-02-2016,725,731.25,722,731.25,731.12,5528,40.03
19-02-2016,725.93,731.6,725.45,730,730,68707,501.83
22-02-2016,744.6,759.2,731.07,733.5,733.5,697,5.11
23-02-2016,730.5,730.5,720.06,722,721.99,2539,18.4
24-02-2016,720,722,710.02,714.98,711.91,8335,59.63
25-02-2016,713.58,713.93,705.5,708.1,707.04,11540,81.83
26-02-2016,713,713.97,708.97,712.95,712.95,2903,20.63
29-02-2016,714,720,694.1,710.88,710.21,6381,45.26
01-03-2016,715,729.99,715,724,727.92,834,6.03
02-03-2016,757,757,739.3,748,746.04,4292,31.92
03-03-2016,751,756.72,749.02,756,755.27,4308,32.38
04-03-2016,756.46,763.66,752.61,760.75,757.03,8065,61.22
08-03-2016,758,763,756,763,761.71,1364,10.35
09-03-2016,757,764,753,762.99,760.9,5930,44.92
10-03-2016,763.78,763.78,752.75,753.13,756.98,2425,18.33
11-03-2016,760,764,754.56,764,763.3,6245,47.5
14-03-2016,767.01,769,761,763,763.58,1198,9.15
15-03-2016,762,762,755.65,755.65,755.78,1755,13.31
16-03-2016,757,761.38,752.4,760.36,759.92,2070,15.63
17-03-2016,766,773.89,758.01,760,760.4,10176,77.97
18-03-2016,764,768.13,762,767.2,767.31,2471,18.9
21-03-2016,772,782.7,770,782,780.02,9213,71.4
22-03-2016,780,786,776,786,783.73,819,6.4
23-03-2016,784.7,790.28,779.16,787,787.49,8257,64.96
28-03-2016,787.49,787.49,774.9,783.7,776.98,1629,12.72
29-03-2016,773,778.2,772,774.25,774.25,6398,49.57
30-03-2016,780.97,802,777,783.55,791.1,1600,12.53
31-03-2016,788,795,785,785.05,786.32,1158,9.16
01-04-2016,788.2,790,782,790,788,1466,11.54
04-04-2016,789,791,786,791,791,199,1.57
05-04-2016,787.42,787.42,774,774,775.03,2651,20.67
06-04-2016,776.23,776.23,772.5,774,774,191,1.48
07-04-2016,775.49,775.49,767,767,767.49,694,5.35
08-04-2016,767,771,767,771,770.28,303,2.33
11-04-2016,771.99,779,766.3,779,778.72,1321,10.19
12-04-2016,781,788.85,780.12,781,781.42,1085,8.5
13-04-2016,786.55,800,786.55,796.75,794.61,6175,49.07
18-04-2016,793.99,803,793.99,800.18,800.57,1581,12.66
20-04-2016,802.01,808,801,803,802.92,3326,26.69
21-04-2016,804.55,809.9,798.1,803.2,801.71,9620,77.41
22-04-2016,798.38,805.94,798.25,801,801,1336,10.71
25-04-2016,802.78,802.78,794.4,798.09,798.06,3761,30
26-04-2016,798.06,810,793,809.14,808.62,7419,59.41
27-04-2016,810,811.99,807.76,808.95,809.11,2020,16.36
28-04-2016,811.7,812,798,799.2,804.66,4290,34.59
29-04-2016,797.95,802,790,799,796.77,1523,12.13
02-05-2016,796.3,796.78,790.51,795,795,2030,16.08
03-05-2016,763.2,802.9,747.3,794,796.08,7689,61.13
04-05-2016,788,788,782.01,786,787.06,5678,44.63
05-05-2016,780,780.1,773,778,777.03,36542,284.05
06-05-2016,775,780,770,776.69,775.28,28392,219.7
09-05-2016,777.55,791.51,777.55,788.05,788.68,84178,660.72
10-05-2016,788,793,787,791.06,792.2,34589,273.04
11-05-2016,782.9,791.8,782.9,789,788.75,23042,181.57
12-05-2016,792.7,795,788,793,793.6,15448,122.46
13-05-2016,791,792,783.2,786.45,785.79,15888,125.06
16-05-2016,785.41,791,780.05,790,790.11,31202,244.66
17-05-2016,794,797.05,790.2,790.56,793.04,12510,99.36
18-05-2016,787,791,783,790.15,790.04,6690,52.63
19-05-2016,784.11,789.69,779,779,781.9,6788,53.31
20-05-2016,783,784,776.32,781,779.41,2471,19.33
23-05-2016,782.64,782.64,775.72,777,777.31,3042,23.73
24-05-2016,776.36,779.98,774,779.94,779.5,20694,160.67
25-05-2016,785,795.33,785,793.14,794.14,6289,49.78
26-05-2016,799.9,808.51,797,807.95,805.2,4766,38.18
27-05-2016,810,817.89,810,817.8,817.78,5814,47.3
30-05-2016,818.54,821.99,815.3,817,816.05,1681,13.74
31-05-2016,820,820,815.48,818,818,4187,34.25
01-06-2016,819,822.5,817.16,821,819.93,10836,88.93
02-06-2016,820.89,823,816.44,821.15,821.91,5788,47.46
03-06-2016,825,827.67,823,825.5,825.01,9652,79.7
06-06-2016,825.5,826.9,822,823.11,823.01,17607,145.1
07-06-2016,826,832,826,827.5,828,35732,295.65
08-06-2016,830,833.37,828,830.1,829,25435,211.19
09-06-2016,830.94,830.94,822.58,825.5,824.63,6445,53.16
10-06-2016,824,828,817.5,821,820.76,23689,194.82
13-06-2016,812.01,816,812,814,813.98,7175,58.34
14-06-2016,814.89,816,812,814.9,814.9,4135,33.68
15-06-2016,819.83,824.46,813.74,823,822.97,18697,152.99
16-06-2016,819.7,819.7,811.78,817.1,818.09,18009,146.7
17-06-2016,820,822.99,816.84,819.7,819.27,15348,125.73
20-06-2016,814.3,827,812.35,825.62,826.11,71038,583.48
21-06-2016,824,827.01,822,825.5,825.99,26631,219.6
22-06-2016,825.5,828.59,822,827.5,827.5,4837,39.95
23-06-2016,826.89,834,825,829.8,830.7,13509,112.01
24-06-2016,808.39,819.26,803.71,814.45,816.13,21610,175.4
27-06-2016,813,817,811.22,814.31,814.03,1407,11.46
28-06-2016,815.01,821.56,815,819.55,819.38,3944,32.26
29-06-2016,824.2,824.83,819.01,822,822.91,788,6.48
30-06-2016,830,833.07,827.54,832.7,832.44,9345,77.59
01-07-2016,835,839.49,834.71,836,836,23137,193.73
04-07-2016,840,844.45,840,842.21,841.01,14190,119.47
05-07-2016,842.21,842.29,836.62,836.95,837.41,5941,49.89
07-07-2016,837.41,841,837.41,838,838.49,9871,82.8
08-07-2016,838.7,838.7,834.75,836.5,836.23,6676,55.81
11-07-2016,845,859.3,845,851,850.55,7786,66.15
12-07-2016,851.45,855.9,850.61,852.93,854.46,5598,47.76
13-07-2016,853.39,863.69,838.95,856,854.76,12841,109.83
14-07-2016,855,862.75,854,862,860.7,10433,89.5
15-07-2016,861,867.81,855.48,858,858.92,2472,21.21
18-07-2016,862,863.13,854,854,855.58,25057,215.74
19-07-2016,856,864,852.91,858.21,856.48,17934,153.47
20-07-2016,860,865,858.81,860.87,860.82,2728,23.5
21-07-2016,863.04,863.58,854.21,854.21,856.42,788,6.76
22-07-2016,857,859.89,855,858.99,858.44,15285,131.12
25-07-2016,858.99,869,858.99,868,867.37,3111,26.88
26-07-2016,869,869.6,861.36,863.9,862.94,4936,42.69
27-07-2016,867.17,873.99,865,867.15,867.87,7559,65.65
28-07-2016,870.5,872.89,869.15,872.2,871.59,5797,50.46
29-07-2016,889,903.51,869.22,871.06,871.11,4035,35.22
01-08-2016,877.88,877.99,867,871,870.54,17957,156.38
02-08-2016,868.63,875,866.27,868.5,868.5,3613,31.43
03-08-2016,869,869,862,863.7,863.75,7201,62.43
04-08-2016,868.31,868.31,859,861.61,862.37,13752,118.58
05-08-2016,865,875,865,874,872.42,8156,71.03
08-08-2016,829.35,885,829.35,876,880.3,17582,154.64
09-08-2016,882,885,874,885,877.36,4841,42.44
10-08-2016,877.98,878,863,864,864.3,2599,22.56
11-08-2016,867,868.5,860.05,868.49,863.8,27315,236.34
12-08-2016,866.05,879.99,866.05,872.24,872.85,17525,152.92
16-08-2016,873,874.54,865,870,870.35,6907,60.08
17-08-2016,869.7,873,866.55,867.1,867.67,7940,69.05
18-08-2016,871,881,870.8,873,872.1,11771,102.72
19-08-2016,872,875.32,869.8,870.3,871.44,8522,74.41
22-08-2016,871,876,867,867,867.55,3182,27.7
23-08-2016,868,870,865,870,869.77,6254,54.31
24-08-2016,870.83,871.5,868,870.65,870.86,2607,22.65
25-08-2016,875,875,864.73,864.73,867.39,2402,20.9
26-08-2016,868,868,862.73,864.3,863.89,503,4.35
29-08-2016,865.98,869.69,862.15,867,867.18,1681,14.56
30-08-2016,871.66,881,869.27,881,879.6,6661,58.43
31-08-2016,880.5,889,880.5,886.5,886.5,8642,76.43
01-09-2016,886,888,882,884,883.96,6308,55.8
02-09-2016,886,888.8,884,886,886.66,3496,30.97
06-09-2016,889,901.22,889,899.25,899.73,5945,53.23
07-09-2016,900,902,899,901,900.45,4002,36.04
08-09-2016,901,906,899.05,905,904.22,11869,107.28
09-09-2016,900,900,895,896.1,896.8,793,7.12
12-09-2016,878.9,884.53,878,880.87,879.46,12221,107.56
14-09-2016,882.1,889,881,883.32,883.74,17670,156.1
15-09-2016,901.4,919.1,882.1,884.44,884.57,8232,72.79
16-09-2016,888.01,891.95,883,885.75,885.86,29629,262.89
19-09-2016,885.09,890.71,884.11,888,887.96,11931,105.92
20-09-2016,888.28,888.99,883.97,887,886.59,14196,125.9
21-09-2016,886.05,891.93,886,887,887,3728,33.07
22-09-2016,895.52,896.52,892,893.5,894.07,3813,34.11
23-09-2016,895,896.5,893,893,893,1866,16.7
26-09-2016,888.63,891.99,882,882,884.77,6667,59.2
27-09-2016,884,886.35,876.77,880,879.71,2250,19.88
28-09-2016,878.33,885.99,878.29,885.06,883.61,3119,27.54
29-09-2016,889.16,889.16,868,870,872.51,7036,61.76
30-09-2016,872.51,874,865.15,870,868.21,3526,30.64
03-10-2016,873,888.88,872,886,884.9,6937,61.2
04-10-2016,884.87,887.3,883.15,885.9,885.81,15711,139.04
05-10-2016,888.72,893.91,883.89,883.89,884.01,11996,106.53
06-10-2016,887,888.91,877.29,879.68,880.46,14347,126.77
07-10-2016,882.42,882.44,875.75,880,879.97,6412,56.39
10-10-2016,884.23,885,881,881.05,881.87,9821,86.73
13-10-2016,875.8,879.9,867.05,868,871.97,11203,97.69
14-10-2016,870,872,866,872,869.91,11481,99.65
17-10-2016,869,869.49,863,868,867.99,24247,209.97
18-10-2016,868,878.99,867.15,877,877.98,10296,89.73
19-10-2016,877,880,874.92,875,875.57,3156,27.65
20-10-2016,880.7,883,878.2,878.2,879.06,4824,42.51
21-10-2016,879,879.5,875,879,879.43,3114,27.36
24-10-2016,881,886,879,880,881.34,6775,59.82
25-10-2016,883,883,878,882,881.85,3769,33.15
26-10-2016,876.89,876.89,871.01,872.75,872.79,3490,30.49
27-10-2016,868,872.99,867.3,871.2,871.89,6424,55.91
28-10-2016,871.24,876,869.21,874.5,874.92,5368,46.92
30-10-2016,866,879,866,874,875.01,1778,15.55
01-11-2016,875,879,873,874,874,4357,38.12
02-11-2016,864.4,866.5,862.2,864.24,863.39,4468,38.64
03-11-2016,863,865.94,859.05,860,860.29,3231,27.89
04-11-2016,860,862,851.2,855,854.98,12138,104.06
07-11-2016,857.8,864.99,857.8,864.1,862.85,4336,37.42
08-11-2016,865.24,867.5,862.5,865,864.69,10126,87.46
09-11-2016,840,857,823.23,855.9,855.81,17731,149.38
10-11-2016,860.62,869.5,860.56,863,864.34,14702,127.42
11-11-2016,853.88,854.72,841,842.5,843.29,24932,210.85
15-11-2016,839.02,842.5,822,823,823.83,18762,155.45
16-11-2016,831,831.78,818,819.95,820.1,30005,247.14
17-11-2016,819.95,824.74,815.5,817,817.31,21866,179.16
18-11-2016,820.17,823.53,816,816,817.2,19563,160.02
21-11-2016,817.5,817.5,803.02,806,804.5,24767,200.07
22-11-2016,809,812,805,812,810.23,45241,366.14
23-11-2016,826.4,842.6,808.25,814,813.85,43870,355.79
24-11-2016,810.39,812.98,807,810,808.72,17115,138.6
25-11-2016,807.15,821.32,807.15,818.5,820.13,29908,244.79
28-11-2016,818.5,824.43,818.5,822,822,31472,258.48
29-11-2016,824.28,829,823.26,824,824.25,77189,637.69
30-11-2016,825,833.41,823.15,828,832.15,7572,62.45
01-12-2016,832,833.8,827,827.78,827.76,45327,376.78
02-12-2016,823.99,827,816.05,818,817.69,37771,310.16
05-12-2016,819.96,824.75,815,824.75,823.57,38055,311.28
06-12-2016,825,827.01,823,823,823.13,10059,82.97
07-12-2016,826,828.04,817,819.42,817.16,23188,190.16
08-12-2016,826,833.94,826,832.9,832.4,36746,305.11
09-12-2016,834,836.48,833.15,833.15,833.31,3571,29.82
12-12-2016,832.49,834,825.66,834,832.09,5906,48.93
13-12-2016,828,832,826.01,831.4,831.75,5358,44.36
14-12-2016,831.36,831.36,827,828,827.32,3233,26.79
15-12-2016,827,834.2,820.69,827.99,827,1982,16.42
16-12-2016,826,827.3,823.8,825.99,825.93,6029,49.79
19-12-2016,855,855,821,821,821.47,9440,77.71
20-12-2016,822.2,823.94,817.01,820,820.02,8065,66.21
21-12-2016,821,821,815.35,817.77,817.5,7169,58.71
22-12-2016,816.4,816.4,808,808.5,808.05,6247,50.6
23-12-2016,807.24,811.3,805,808,807.12,2880,23.3
26-12-2016,806.28,807.1,801,802,801.48,11837,95.12
27-12-2016,803,817.5,801.7,811.51,811.92,5606,45.16
28-12-2016,815,820,813.8,815.61,815.59,5384,44
29-12-2016,811.56,822,811.56,821.99,819.04,10059,82.19
30-12-2016,821.35,828.1,821.35,825.5,825.6,2420,19.94
